time,containers
20031,632
20032,619
20033,596
20034,566
20035,573
20036,580
20037,574
20038,562
20039,552
20040,588
20041,596
20042,596
20043,584
20044,560
20045,584
20046,588
20047,574
20048,551
20049,525
20050,542
20051,540
20052,527
20053,504
20054,478
20055,582
20056,584
20057,576
20058,563
20059,481
20060,612
20061,618
20062,614
20063,604
20064,581
20065,612
20066,612
20067,605
20068,584
20069,555
20070,585
20071,583
20072,574
20073,562
20074,537
20075,583
20076,583
20077,574
20078,558
20079,511
20080,586
20081,585
20082,572
20083,555
20084,538
20085,632
20086,633
20087,627
20088,609
20089,580
20090,626
20091,628
20092,619
20093,599
20094,570
20095,597
20096,595
20097,589
20098,570
20099,542
20100,593
20101,594
20102,591
20103,571
20104,556
20105,620
20106,637
20107,633
20108,621
20109,594
20110,610
20111,614
20112,604
20113,588
20114,552
20115,605
20116,607
20117,598
20118,579
20119,554
20120,597
20121,601
20122,590
20123,574
20124,548
20125,582
20126,591
20127,590
20128,575
20129,549
20130,576
20131,581
20132,576
20133,558
20134,540
20135,542
20136,547
20137,541
20138,527
20139,505
20140,546
20141,555
20142,542
20143,524
20144,507
20145,555
20146,562
20147,555
20148,543
20149,516
20150,550
20151,561
20152,559
20153,548
20154,535
20155,539
20156,545
20157,533
20158,522
20159,511
20160,547
20161,559
20162,558
20163,549
20164,528
20165,600
20166,604
20167,599
20168,583
20169,564
20170,610
20171,612
20172,602
20173,583
20174,564
20175,620
20176,624
20177,623
20178,614
20179,600
20180,634
20181,639
20182,638
20183,628
20184,612
20185,606
20186,611
20187,604
20188,583
20189,557
20190,605
20191,611
20192,558
20193,556
20194,536
20195,617
20196,625
20197,623
20198,614
20199,600
20200,643
20201,649
20202,646
20203,636
20204,618
20205,662
20206,668
20207,664
20208,652
20209,633
20210,687
20211,687
20212,680
20213,666
20214,647
20215,663
20216,666
20217,660
20218,641
20219,619
20220,657
20221,661
20222,657
20223,646
20224,630
20225,656
20226,655
20227,649
20228,636
20229,616
20230,660
20231,662
20232,658
20233,647
20234,630
20235,641
20236,649
20237,648
20238,642
20239,626
20240,668
20241,674
20242,671
20243,655
20244,638
20245,692
20246,698
20247,697
20248,683
20249,667
20250,690
20251,700
20252,699
20253,691
20254,673
20255,688
20256,694
20257,691
20258,679
20259,667
20260,693
20261,694
20262,687
20263,676
20264,659
20265,713
20266,717
20267,716
20268,705
20269,688
20270,698
20271,705
20272,704
20273,695
20274,663
20275,664
20276,667
20277,660
20278,647
20279,629
20280,674
20281,677
20282,674
20283,663
20284,642
20285,633
20286,644
20287,649
20288,645
20289,633
20290,620
20291,632
20292,632
20293,624
20294,609
20295,584
20296,594
20297,588
20298,583
20299,566
20300,577
20301,582
20302,579
20303,557
20304,544
20305,545
20306,543
20307,533
20308,517
20309,491
20310,466
20311,469
20312,474
20313,473
20314,446
20315,487
20316,490
20317,489
20318,480
20319,468
20320,446
20321,451
20322,450
20323,443
20324,436
20325,449
20326,451
20327,459
20328,452
20329,442
20330,426
20331,424
20332,418
20333,411
20334,399
20335,424
20336,426
20337,432
20338,432
20339,422
20340,448
20341,450
20342,453
20343,450
20344,444
20345,464
20346,467
20347,472
20348,470
20349,458
20350,472
20351,484
20352,485
20353,485
20354,480
20355,483
20356,481
20357,476
20358,469
20359,451
20360,420
20361,432
20362,445
20363,448
20364,444
20365,471
20366,471
20367,469
20368,463
20369,442
20370,442
20371,448
20372,444
20373,439
20374,431
20375,398
20376,403
20377,401
20378,397
20379,386
20380,395
20381,403
20382,402
20383,398
20384,383
20385,361
20386,362
20387,362
20388,362
20389,356
20390,425
20391,428
20392,426
20393,421
20394,410
20395,376
20396,404
20397,413
20398,407
20399,402
20400,439
20401,440
20402,443
20403,439
20404,431
20405,428
20406,428
20407,424
20408,394
20409,381
20410,402
20411,409
20412,413
20413,410
20414,398
20415,418
20416,420
20417,417
20418,409
20419,400
20420,401
20421,414
20422,421
20423,416
20424,406
20425,383
20426,383
20427,380
20428,370
20429,356
20430,431
20431,433
20432,434
20433,434
20434,417
20435,399
20436,395
20437,389
20438,378
20439,359
20440,338
20441,344
20442,342
20443,336
20444,323
20445,364
20446,368
20447,367
20448,362
20449,355
20450,355
20451,370
20452,369
20453,365
20454,357
20455,339
20456,342
20457,345
20458,343
20459,337
20460,378
20461,384
20462,385
20463,384
20464,372
20465,371
20466,374
20467,376
20468,374
20469,365
20470,374
20471,380
20472,379
20473,377
20474,368
20475,360
20476,364
20477,365
20478,362
20479,354
20480,373
20481,372
20482,355
20483,354
20484,350
20485,387
20486,397
20487,399
20488,397
20489,390
20490,382
20491,383
20492,381
20493,375
20494,361
20495,355
20496,358
20497,357
20498,351
20499,343
20500,309
20501,316
20502,323
20503,323
20504,316
20505,334
20506,337
20507,336
20508,331
20509,321
20510,336
20511,350
20512,348
20513,344
20514,335
20515,354
20516,358
20517,356
20518,349
20519,333
20520,335
20521,339
20522,348
20523,365
20524,360
20525,383
20526,385
20527,382
20528,377
20529,369
20530,342
20531,337
20532,335
20533,331
20534,309
20535,333
20536,333
20537,330
20538,324
20539,318
20540,286
20541,280
20542,274
20543,266
20544,256
20545,244
20546,232
20547,223
20548,223
20549,223
20550,226
20551,226
20552,226
20553,225
20554,224
20555,241
20556,242
20557,242
20558,242
20559,242
20560,237
20561,237
20562,236
20563,236
20564,236
20565,237
20566,237
20567,237
20568,237
20569,237
20570,237
20571,237
20572,237
20573,237
20574,237
20575,231
20576,230
20577,230
20578,230
20579,230
20580,224
20581,224
20582,224
20583,223
20584,223
20585,233
20586,233
20587,233
20588,233
20589,233
20590,235
20591,235
20592,235
20593,235
20594,235
20595,240
20596,240
20597,240
20598,240
20599,240
20600,239
20601,239
20602,239
20603,239
20604,239
20605,239
20606,240
20607,240
20608,240
20609,229
20610,229
20611,228
20612,228
20613,228
20614,228
20615,228
20616,228
20617,228
20618,228
20619,234
20620,234
20621,233
20622,234
20623,234
20624,242
20625,242
20626,242
20627,242
20628,242
20629,240
20630,240
20631,239
20632,240
20633,240
20634,236
20635,235
20636,235
20637,235
20638,235
20639,228
20640,228
20641,228
20642,227
20643,227
20644,227
20645,227
20646,227
20647,227
20648,226
20649,222
20650,222
20651,222
20652,222
20653,222
20654,225
20655,225
20656,226
20657,226
20658,226
20659,231
20660,230
20661,230
20662,230
20663,230
20664,239
20665,239
20666,239
20667,240
20668,240
20669,240
20670,240
20671,240
20672,240
20673,240
20674,233
20675,233
20676,233
20677,233
20678,233
20679,222
20680,222
20681,222
20682,222
20683,222
20684,228
20685,228
20686,228
20687,229
20688,229
20689,242
20690,242
20691,243
20692,240
20693,240
20694,232
20695,230
20696,229
20697,229
20698,228
20699,232
20700,232
20701,232
20702,232
20703,231
20704,233
20705,233
20706,232
20707,232
20708,232
20709,227
20710,227
20711,228
20712,228
20713,228
20714,240
20715,240
20716,240
20717,240
20718,241
20719,229
20720,229
20721,229
20722,229
20723,229
20724,248
20725,248
20726,248
20727,248
20728,248
20729,245
20730,245
20731,245
20732,245
20733,244
20734,239
20735,239
20736,239
20737,239
20738,239
20739,237
20740,236
20741,237
20742,237
20743,236
20744,238
20745,239
20746,239
20747,239
20748,239
20749,242
20750,242
20751,243
20752,243
20753,243
20754,236
20755,236
20756,236
20757,236
20758,237
20759,243
20760,245
20761,246
20762,246
20763,245
20764,244
20765,244
20766,245
20767,245
20768,243
20769,243
20770,244
20771,243
20772,242
20773,242
20774,252
20775,252
20776,251
20777,250
20778,247
20779,250
20780,251
20781,250
20782,248
20783,244
20784,245
20785,245
20786,244
20787,243
20788,241
20789,241
20790,242
20791,242
20792,241
20793,238
20794,251
20795,251
20796,250
20797,249
20798,248
20799,261
20800,263
20801,266
20802,265
20803,264
20804,273
20805,280
20806,282
20807,280
20808,275
20809,279
20810,279
20811,280
20812,280
20813,277
20814,280
20815,276
20816,270
20817,264
20818,257
20819,266
20820,262
20821,258
20822,253
20823,248
20824,247
20825,246
20826,246
20827,246
20828,246
20829,256
20830,256
20831,256
20832,256
20833,255
20834,249
20835,249
20836,249
20837,249
20838,248
20839,241
20840,241
20841,241
20842,241
20843,241
20844,238
20845,238
20846,238
20847,238
20848,238
20849,228
20850,228
20851,228
20852,229
20853,229
20854,234
20855,234
20856,234
20857,234
20858,234
20859,226
20860,226
20861,226
20862,225
20863,225
20864,237
20865,237
20866,237
20867,237
20868,237
20869,230
20870,230
20871,233
20872,233
20873,233
20874,235
20875,236
20876,237
20877,236
20878,236
20879,234
20880,234
20881,233
20882,234
20883,233
20884,244
20885,244
20886,245
20887,244
20888,243
20889,238
20890,237
20891,237
20892,237
20893,236
20894,242
20895,241
20896,242
20897,242
20898,241
20899,235
20900,237
20901,237
20902,237
20903,236
20904,225
20905,224
20906,224
20907,224
20908,223
20909,236
20910,239
20911,239
20912,239
20913,237
20914,240
20915,239
20916,238
20917,237
20918,237
20919,234
20920,234
20921,234
20922,234
20923,234
20924,242
20925,242
20926,242
20927,241
20928,241
20929,239
20930,239
20931,239
20932,239
20933,237
20934,251
20935,253
20936,255
20937,255
20938,254
20939,246
20940,246
20941,246
20942,246
20943,245
20944,247
20945,247
20946,246
20947,245
20948,244
20949,246
20950,246
20951,246
20952,244
20953,243
20954,243
20955,243
20956,243
20957,243
20958,242
20959,248
20960,248
20961,249
20962,250
20963,249
20964,246
20965,250
20966,252
20967,253
20968,252
20969,278
20970,278
20971,275
20972,269
20973,263
20974,272
20975,269
20976,266
20977,262
20978,258
20979,260
20980,258
20981,253
20982,249
20983,246
20984,236
20985,236
20986,236
20987,237
20988,236
20989,239
20990,239
20991,239
20992,239
20993,235
20994,230
20995,232
20996,233
20997,234
20998,232
20999,235
21000,236
21001,234
21002,233
21003,231
21004,238
21005,237
21006,238
21007,235
21008,234
21009,254
21010,253
21011,252
21012,251
21013,250
21014,240
21015,242
21016,242
21017,240
21018,239
21019,242
21020,243
21021,243
21022,242
21023,240
21024,241
21025,242
21026,242
21027,241
21028,240
21029,235
21030,236
21031,235
21032,231
21033,226
21034,241
21035,244
21036,246
21037,245
21038,241
21039,244
21040,243
21041,240
21042,234
21043,231
21044,235
21045,235
21046,231
21047,230
21048,230
21049,228
21050,230
21051,231
21052,231
21053,230
21054,234
21055,234
21056,234
21057,234
21058,232
21059,230
21060,230
21061,231
21062,230
21063,227
21064,231
21065,232
21066,232
21067,232
21068,229
21069,235
21070,235
21071,235
21072,234
21073,232
21074,236
21075,238
21076,238
21077,235
21078,233
21079,241
21080,239
21081,237
21082,236
21083,233
21084,233
21085,233
21086,233
21087,232
21088,232
21089,235
21090,235
21091,236
21092,235
21093,234
21094,230
21095,231
21096,231
21097,229
21098,226
21099,236
21100,234
21101,232
21102,231
21103,228
21104,234
21105,235
21106,235
21107,233
21108,231
21109,243
21110,241
21111,240
21112,236
21113,232
21114,249
21115,252
21116,251
21117,249
21118,243
21119,257
21120,257
21121,255
21122,251
21123,247
21124,249
21125,250
21126,247
21127,247
21128,244
21129,254
21130,253
21131,252
21132,250
21133,242
21134,253
21135,251
21136,250
21137,249
21138,244
21139,253
21140,252
21141,249
21142,247
21143,243
21144,244
21145,242
21146,240
21147,238
21148,229
21149,226
21150,226
21151,225
21152,222
21153,219
21154,236
21155,236
21156,237
21157,241
21158,236
21159,282
21160,281
21161,278
21162,273
21163,246
21164,241
21165,238
21166,233
21167,230
21168,227
21169,210
21170,213
21171,217
21172,220
21173,217
21174,254
21175,254
21176,249
21177,238
21178,214
21179,224
21180,221
21181,216
21182,213
21183,208
21184,216
21185,210
21186,210
21187,210
21188,209
21189,205
21190,205
21191,205
21192,205
21193,205
21194,204
21195,203
21196,202
21197,202
21198,202
21199,205
21200,205
21201,205
21202,205
21203,205
21204,198
21205,198
21206,200
21207,202
21208,202
21209,221
21210,223
21211,225
21212,224
21213,221
21214,237
21215,250
21216,262
21217,265
21218,268
21219,363
21220,369
21221,369
21222,365
21223,356
21224,412
21225,407
21226,375
21227,328
21228,320
21229,354
21230,352
21231,343
21232,333
21233,314
21234,343
21235,344
21236,344
21237,338
21238,335
21239,440
21240,452
21241,458
21242,458
21243,438
21244,523
21245,540
21246,541
21247,536
21248,523
21249,570
21250,576
21251,579
21252,573
21253,560
21254,565
21255,571
21256,564
21257,542
21258,522
21259,569
21260,575
21261,575
21262,562
21263,541
21264,569
21265,570
21266,570
21267,557
21268,536
21269,601
21270,608
21271,603
21272,586
21273,563
21274,596
21275,597
21276,591
21277,583
21278,556
21279,587
21280,586
21281,576
21282,558
21283,544
21284,508
21285,512
21286,537
21287,524
21288,507
21289,572
21290,566
21291,556
21292,545
21293,516
21294,584
21295,589
21296,583
21297,569
21298,540
21299,586
21300,604
21301,597
21302,586
21303,561
21304,646
21305,653
21306,650
21307,640
21308,625
21309,618
21310,610
21311,607
21312,577
21313,512
21314,560
21315,568
21316,565
21317,549
21318,527
21319,571
21320,579
21321,576
21322,565
21323,547
21324,518
21325,520
21326,514
21327,500
21328,484
21329,509
21330,517
21331,514
21332,496
21333,476
21334,493
21335,492
21336,484
21337,473
21338,443
21339,452
21340,464
21341,460
21342,447
21343,435
21344,429
21345,430
21346,426
21347,394
21348,378
21349,427
21350,427
21351,423
21352,417
21353,402
21354,413
21355,417
21356,416
21357,406
21358,391
21359,446
21360,451
21361,448
21362,439
21363,426
21364,428
21365,435
21366,432
21367,424
21368,407
21369,422
21370,425
21371,422
21372,410
21373,397
21374,452
21375,459
21376,466
21377,463
21378,452
21379,495
21380,499
21381,497
21382,488
21383,464
21384,465
21385,467
21386,462
21387,450
21388,437
21389,467
21390,473
21391,477
21392,470
21393,462
21394,499
21395,506
21396,506
21397,504
21398,493
21399,502
21400,506
21401,502
21402,495
21403,481
21404,463
21405,469
21406,466
21407,460
21408,448
21409,445
21410,452
21411,445
21412,441
21413,428
21414,463
21415,468
21416,467
21417,461
21418,448
21419,470
21420,477
21421,484
21422,478
21423,467
21424,484
21425,481
21426,483
21427,468
21428,444
21429,459
21430,457
21431,410
21432,384
21433,369
21434,483
21435,489
21436,489
21437,486
21438,476
21439,525
21440,527
21441,524
21442,512
21443,496
21444,496
21445,502
21446,502
21447,494
21448,477
21449,539
21450,540
21451,533
21452,522
21453,503
21454,544
21455,552
21456,551
21457,540
21458,522
21459,547
21460,556
21461,550
21462,537
21463,507
21464,551
21465,547
21466,541
21467,526
21468,501
21469,486
21470,485
21471,483
21472,472
21473,455
21474,549
21475,563
21476,564
21477,555
21478,534
21479,591
21480,600
21481,600
21482,585
21483,556
21484,623
21485,629
21486,619
21487,602
21488,579
21489,663
21490,668
21491,664
21492,646
21493,621
21494,648
21495,658
21496,651
21497,632
21498,595
21499,652
21500,659
21501,655
21502,628
21503,598
21504,640
21505,647
21506,636
21507,614
21508,586
21509,676
21510,681
21511,673
21512,655
21513,629
21514,695
21515,697
21516,688
21517,668
21518,646
21519,694
21520,700
21521,693
21522,667
21523,635
21524,684
21525,686
21526,678
21527,652
21528,630
21529,675
21530,680
21531,663
21532,638
21533,609
21534,644
21535,640
21536,633
21537,621
21538,596
21539,594
21540,601
21541,592
21542,578
21543,560
21544,577
21545,594
21546,594
21547,583
21548,566
21549,622
21550,633
21551,637
21552,630
21553,613
21554,623
21555,634
21556,631
21557,619
21558,595
21559,635
21560,645
21561,644
21562,635
21563,619
21564,591
21565,602
21566,600
21567,588
21568,570
21569,586
21570,589
21571,585
21572,573
21573,551
21574,550
21575,565
21576,562
21577,547
21578,520
21579,528
21580,541
21581,543
21582,537
21583,523
21584,567
21585,576
21586,575
21587,568
21588,558
21589,565
21590,575
21591,573
21592,565
21593,549
21594,564
21595,563
21596,558
21597,549
21598,537
21599,560
21600,564
21601,564
21602,559
21603,547
21604,548
21605,552
21606,549
21607,542
21608,501
21609,563
21610,569
21611,569
21612,554
21613,534
21614,626
21615,631
21616,627
21617,613
21618,579
21619,621
21620,626
21621,614
21622,597
21623,567
21624,627
21625,628
21626,619
21627,600
21628,577
21629,630
21630,636
21631,633
21632,627
21633,613
21634,622
21635,626
21636,622
21637,609
21638,590
21639,641
21640,654
21641,653
21642,638
21643,616
21644,673
21645,676
21646,670
21647,656
21648,622
21649,671
21650,677
21651,677
21652,664
21653,647
21654,673
21655,680
21656,677
21657,664
21658,643
21659,663
21660,667
21661,663
21662,651
21663,629
21664,659
21665,667
21666,665
21667,653
21668,638
21669,651
21670,655
21671,654
21672,647
21673,625
21674,664
21675,672
21676,668
21677,654
21678,633
21679,675
21680,679
21681,672
21682,660
21683,643
21684,666
21685,670
21686,666
21687,655
21688,641
21689,688
21690,693
21691,693
21692,683
21693,662
21694,692
21695,699
21696,696
21697,687
21698,665
21699,680
21700,690
21701,688
21702,680
21703,667
21704,653
21705,659
21706,656
21707,647
21708,630
21709,597
21710,609
21711,610
21712,607
21713,596
21714,554
21715,558
21716,557
21717,548
21718,537
21719,533
21720,538
21721,538
21722,535
21723,526
21724,525
21725,546
21726,556
21727,555
21728,546
21729,550
21730,552
21731,546
21732,539
21733,521
21734,499
21735,512
21736,520
21737,522
21738,514
21739,529
21740,538
21741,547
21742,545
21743,540
21744,480
21745,480
21746,481
21747,479
21748,468
21749,491
21750,502
21751,507
21752,507
21753,503
21754,483
21755,489
21756,491
21757,487
21758,482
21759,485
21760,488
21761,486
21762,478
21763,473
21764,493
21765,510
21766,517
21767,513
21768,505
21769,432
21770,443
21771,448
21772,444
21773,434
21774,419
21775,428
21776,436
21777,429
21778,414
21779,439
21780,441
21781,440
21782,424
21783,395
21784,461
21785,471
21786,475
21787,472
21788,458
21789,412
21790,416
21791,412
21792,397
21793,374
21794,408
21795,427
21796,433
21797,431
21798,417
21799,434
21800,436
21801,433
21802,425
21803,416
21804,375
21805,391
21806,394
21807,386
21808,372
21809,366
21810,371
21811,370
21812,358
21813,343
21814,428
21815,438
21816,442
21817,436
21818,421
21819,419
21820,426
21821,425
21822,411
21823,397
21824,417
21825,443
21826,447
21827,436
21828,423
21829,441
21830,442
21831,438
21832,426
21833,411
21834,433
21835,436
21836,432
21837,425
21838,414
21839,397
21840,398
21841,399
21842,395
21843,385
21844,361
21845,371
21846,373
21847,370
21848,366
21849,379
21850,391
21851,391
21852,388
21853,382
21854,373
21855,381
21856,383
21857,381
21858,374
21859,382
21860,386
21861,388
21862,389
21863,380
21864,366
21865,374
21866,377
21867,373
21868,365
21869,358
21870,366
21871,369
21872,363
21873,350
21874,374
21875,383
21876,384
21877,380
21878,368
21879,368
21880,376
21881,379
21882,377
21883,368
21884,351
21885,356
21886,362
21887,359
21888,346
21889,328
21890,340
21891,344
21892,342
21893,330
21894,311
21895,315
21896,315
21897,311
21898,302
21899,282
21900,289
21901,291
21902,290
21903,284
21904,349
21905,356
21906,358
21907,355
21908,348
21909,361
21910,370
21911,374
21912,373
21913,365
21914,397
21915,409
21916,414
21917,410
21918,401
21919,413
21920,411
21921,406
21922,397
21923,385
21924,312
21925,306
21926,317
21927,317
21928,316
21929,329
21930,330
21931,326
21932,317
21933,306
21934,338
21935,345
21936,347
21937,345
21938,341
21939,320
21940,326
21941,327
21942,325
21943,317
21944,330
21945,343
21946,347
21947,346
21948,337
21949,366
21950,376
21951,380
21952,379
21953,371
21954,380
21955,386
21956,390
21957,387
21958,374
21959,384
21960,387
21961,389
21962,383
21963,375
21964,360
21965,361
21966,355
21967,346
21968,331
21969,351
21970,364
21971,369
21972,369
21973,365
21974,350
21975,360
21976,364
21977,358
21978,351
21979,327
21980,330
21981,323
21982,316
21983,302
21984,307
21985,295
21986,264
21987,247
21988,239
21989,234
21990,236
21991,235
21992,236
21993,236
21994,243
21995,244
21996,241
21997,241
21998,239
21999,238
22000,237
22001,237
22002,236
22003,236
22004,224
22005,224
22006,224
22007,224
22008,224
22009,226
22010,226
22011,226
22012,226
22013,226
22014,234
22015,234
22016,233
22017,233
22018,233
22019,229
22020,229
22021,229
22022,229
22023,229
22024,231
22025,231
22026,230
22027,230
22028,230
22029,232
22030,232
22031,232
22032,232
22033,232
22034,230
22035,230
22036,230
22037,231
22038,230
22039,221
22040,221
22041,221
22042,221
22043,221
22044,228
22045,229
22046,229
22047,228
22048,228
22049,223
22050,223
22051,223
22052,223
22053,223
22054,219
22055,219
22056,219
22057,219
22058,219
22059,222
22060,222
22061,222
22062,221
22063,221
22064,220
22065,220
22066,220
22067,220
22068,219
22069,216
22070,216
22071,216
22072,216
22073,216
22074,211
22075,212
22076,212
22077,212
22078,212
22079,209
22080,209
22081,209
22082,209
22083,209
22084,216
22085,216
22086,216
22087,216
22088,216
22089,218
22090,218
22091,218
22092,218
22093,218
22094,227
22095,227
22096,227
22097,227
22098,227
22099,217
22100,217
22101,217
22102,217
22103,217
22104,215
22105,215
22106,215
22107,215
22108,215
22109,223
22110,223
22111,223
22112,222
22113,222
22114,216
22115,214
22116,214
22117,214
22118,214
22119,213
22120,213
22121,213
22122,213
22123,213
22124,214
22125,214
22126,214
22127,214
22128,212
22129,213
22130,214
22131,214
22132,214
22133,213
22134,211
22135,211
22136,211
22137,211
22138,203
22139,203
22140,203
22141,203
22142,210
22143,210
22144,210
22145,210
22146,210
22147,212
22148,212
22149,212
22150,212
22151,211
22152,202
22153,202
22154,202
22155,202
22156,202
22157,209
22158,208
22159,208
22160,208
22161,208
22162,208
22163,208
22164,208
22165,210
22166,210
22167,221
22168,221
22169,221
22170,221
22171,221
22172,220
22173,217
22174,218
22175,218
22176,218
22177,221
22178,221
22179,221
22180,221
22181,221
22182,211
22183,211
22184,211
22185,211
22186,211
22187,201
22188,202
22189,201
22190,201
22191,201
22192,212
22193,212
22194,212
22195,212
22196,212
22197,212
22198,212
22199,213
22200,213
22201,212
22202,211
22203,211
22204,211
22205,211
22206,211
22207,219
22208,219
22209,219
22210,219
22211,219
22212,217
22213,212
22214,211
22215,211
22216,211
22217,208
22218,208
22219,208
22220,208
22221,208
22222,210
22223,210
22224,210
22225,210
22226,210
22227,215
22228,215
22229,215
22230,215
22231,215
22232,216
22233,216
22234,216
22235,216
22236,216
22237,209
22238,209
22239,209
22240,209
22241,209
22242,213
22243,213
22244,213
22245,213
22246,213
22247,206
22248,206
22249,206
22250,206
22251,206
22252,198
22253,197
22254,197
22255,197
22256,197
22257,210
22258,210
22259,210
22260,210
22261,210
22262,210
22263,210
22264,210
22265,210
22266,210
22267,203
22268,203
22269,203
22270,203
22271,203
22272,202
22273,202
22274,202
22275,202
22276,202
22277,209
22278,209
22279,209
22280,209
22281,209
22282,210
22283,210
22284,210
22285,210
22286,210
22287,204
22288,204
22289,204
22290,204
22291,203
22292,218
22293,218
22294,218
22295,218
22296,218
22297,216
22298,216
22299,216
22300,216
22301,217
22302,218
22303,218
22304,218
22305,218
22306,219
22307,219
22308,219
22309,219
22310,219
22311,221
22312,221
22313,221
22314,221
22315,221
22316,211
22317,211
22318,211
22319,211
22320,211
22321,213
22322,213
22323,213
22324,213
22325,214
22326,203
22327,203
22328,203
22329,203
22330,203
22331,213
22332,213
22333,213
22334,213
22335,213
22336,208
22337,208
22338,208
22339,208
22340,208
22341,207
22342,208
22343,208
22344,208
22345,208
22346,211
22347,211
22348,211
22349,211
22350,211
22351,203
22352,203
22353,203
22354,203
22355,203
22356,201
22357,201
22358,201
22359,201
22360,201
22361,211
22362,211
22363,211
22364,211
22365,211
22366,201
22367,201
22368,201
22369,201
22370,201
22371,207
22372,207
22373,207
22374,207
22375,207
22376,204
22377,204
22378,204
22379,204
22380,204
22381,201
22382,201
22383,202
22384,202
22385,204
22386,204
22387,204
22388,204
22389,204
22390,205
22391,205
22392,205
22393,205
22394,205
22395,207
22396,207
22397,207
22398,207
22399,204
22400,204
22401,204
22402,204
22403,204
22404,208
22405,208
22406,208
22407,208
22408,208
22409,205
22410,205
22411,205
22412,205
22413,205
22414,206
22415,206
22416,206
22417,206
22418,206
22419,212
22420,212
22421,212
22422,212
22423,208
22424,208
22425,208
22426,208
22427,208
22428,214
22429,214
22430,214
22431,214
22432,214
22433,216
22434,216
22435,216
22436,216
22437,216
22438,211
22439,211
22440,211
22441,211
22442,211
22443,205
22444,205
22445,205
22446,205
22447,205
22448,200
22449,200
22450,200
22451,200
22452,200
22453,200
22454,200
22455,200
22456,200
22457,200
22458,206
22459,206
22460,207
22461,208
22462,208
22463,222
22464,228
22465,229
22466,229
22467,228
22468,246
22469,252
22470,253
22471,254
22472,251
22473,285
22474,288
22475,288
22476,284
22477,278
22478,273
22479,271
22480,265
22481,261
22482,253
22483,268
22484,270
22485,270
22486,267
22487,258
22488,278
22489,281
22490,278
22491,274
22492,265
22493,255
22494,254
22495,253
22496,249
22497,244
22498,266
22499,268
22500,266
22501,259
22502,251
22503,259
22504,258
22505,256
22506,251
22507,249
22508,258
22509,259
22510,255
22511,254
22512,251
22513,283
22514,287
22515,286
22516,283
22517,279
22518,306
22519,308
22520,308
22521,302
22522,297
22523,309
22524,311
22525,309
22526,307
22527,302
22528,315
22529,316
22530,316
22531,305
22532,293
22533,293
22534,285
22535,276
22536,266
22537,262
22538,270
22539,273
22540,274
22541,271
22542,263
22543,260
22544,262
22545,265
22546,262
22547,260
22548,268
22549,271
22550,271
22551,269
22552,265
22553,267
22554,270
22555,271
22556,266
22557,260
22558,270
22559,266
22560,262
22561,258
22562,255
22563,245
22564,246
22565,246
22566,244
22567,242
22568,250
22569,254
22570,256
22571,256
22572,254
22573,264
22574,268
22575,269
22576,268
22577,265
22578,295
22579,298
22580,300
22581,298
22582,292
22583,300
22584,303
22585,305
22586,304
22587,301
22588,302
22589,302
22590,301
22591,286
22592,277
22593,300
22594,304
22595,305
22596,300
22597,289
22598,298
22599,295
22600,290
22601,284
22602,274
22603,281
22604,278
22605,273
22606,266
22607,257
22608,248
22609,244
22610,241
22611,238
22612,238
22613,240
22614,242
22615,239
22616,238
22617,236
22618,247
22619,248
22620,247
22621,245
22622,241
22623,250
22624,250
22625,249
22626,247
22627,243
22628,249
22629,249
22630,249
22631,249
22632,245
22633,234
22634,237
22635,238
22636,238
22637,236
22638,252
22639,256
22640,263
22641,264
22642,262
22643,302
22644,302
22645,307
22646,305
22647,296
22648,323
22649,326
22650,322
22651,316
22652,311
22653,325
22654,330
22655,331
22656,326
22657,316
22658,341
22659,347
22660,348
22661,343
22662,333
22663,347
22664,353
22665,352
22666,348
22667,334
22668,364
22669,373
22670,376
22671,370
22672,362
22673,396
22674,409
22675,407
22676,396
22677,384
22678,428
22679,424
22680,387
22681,375
22682,369
22683,402
22684,391
22685,406
22686,402
22687,391
22688,387
22689,393
22690,403
22691,388
22692,378
22693,421
22694,430
22695,432
22696,427
22697,415
22698,500
22699,506
22700,505
22701,500
22702,489
22703,479
22704,484
22705,483
22706,474
22707,458
22708,488
22709,501
22710,501
22711,492
22712,475
22713,530
22714,539
22715,540
22716,531
22717,514
22718,558
22719,567
22720,562
22721,554
22722,533
22723,572
22724,577
22725,581
22726,566
22727,541
22728,574
22729,581
22730,574
22731,555
22732,535
22733,579
22734,586
22735,584
22736,568
22737,549
22738,585
22739,589
22740,579
22741,564
22742,541
22743,558
22744,566
22745,562
22746,543
22747,522
22748,560
22749,562
22750,555
22751,543
22752,518
22753,527
22754,530
22755,526
22756,515
22757,495
22758,525
22759,530
22760,525
22761,513
22762,496
22763,523
22764,530
22765,531
22766,516
22767,500
22768,562
22769,569
22770,571
22771,561
22772,546
22773,561
22774,572
22775,569
22776,553
22777,531
22778,576
22779,580
22780,575
22781,564
22782,536
22783,583
22784,588
22785,584
22786,565
22787,540
22788,575
22789,587
22790,581
22791,561
22792,541
22793,563
22794,570
22795,571
22796,559
22797,538
22798,583
22799,591
22800,590
22801,578
22802,560
22803,630
22804,633
22805,625
22806,610
22807,582
22808,633
22809,636
22810,634
22811,626
22812,604
22813,628
22814,628
22815,617
22816,592
22817,571
22818,552
22819,569
22820,566
22821,553
22822,533
22823,573
22824,575
22825,560
22826,549
22827,528
22828,575
22829,592
22830,589
22831,577
22832,552
22833,613
22834,620
22835,615
22836,600
22837,577
22838,620
22839,624
22840,620
22841,609
22842,585
22843,632
22844,641
22845,633
22846,616
22847,598
22848,655
22849,662
22850,654
22851,638
22852,617
22853,648
22854,661
22855,659
22856,632
22857,598
22858,633
22859,644
22860,637
22861,611
22862,584
22863,679
22864,683
22865,671
22866,640
22867,607
22868,607
22869,612
22870,604
22871,571
22872,546
22873,543
22874,556
22875,558
22876,540
22877,517
22878,553
22879,568
22880,561
22881,552
22882,539
22883,589
22884,596
22885,595
22886,565
22887,551
22888,607
22889,609
22890,613
22891,605
22892,592
22893,616
22894,619
22895,609
22896,591
22897,573
22898,580
22899,590
22900,586
22901,566
22902,542
22903,601
22904,609
22905,606
22906,592
22907,570
22908,601
22909,609
22910,601
22911,590
22912,564
22913,598
22914,602
22915,601
22916,590
22917,570
22918,613
22919,621
22920,607
22921,584
22922,532
22923,600
22924,607
22925,600
22926,583
22927,566
22928,641
22929,649
22930,645
22931,631
22932,609
22933,662
22934,667
22935,658
22936,642
22937,612
22938,633
22939,638
22940,627
22941,606
22942,584
22943,624
22944,628
22945,623
22946,604
22947,571
22948,636
22949,645
22950,637
22951,607
22952,588
22953,688
22954,694
22955,685
22956,674
22957,654
22958,674
22959,687
22960,683
22961,672
22962,655
22963,698
22964,704
22965,703
22966,691
22967,668
22968,695
22969,698
22970,691
22971,671
22972,648
22973,674
22974,677
22975,666
22976,650
22977,631
22978,695
22979,699
22980,693
22981,678
22982,656
22983,665
22984,666
22985,659
22986,645
22987,623
22988,618
22989,623
22990,620
22991,608
22992,592
22993,598
22994,607
22995,607
22996,599
22997,584
22998,606
22999,613
23000,611
23001,601
23002,590
23003,600
23004,607
23005,604
23006,593
23007,576
23008,629
23009,635
23010,635
23011,630
23012,623
23013,661
23014,667
23015,665
23016,659
23017,641
23018,636
23019,638
23020,631
23021,621
23022,606
23023,634
23024,637
23025,632
23026,622
23027,604
23028,619
23029,623
23030,621
23031,612
23032,601
23033,569
23034,578
23035,576
23036,566
23037,549
23038,617
23039,623
23040,621
23041,614
23042,598
23043,610
23044,614
23045,611
23046,600
23047,583
23048,595
23049,603
23050,604
23051,598
23052,587
23053,625
23054,631
23055,635
23056,629
23057,611
23058,646
23059,653
23060,655
23061,646
23062,627
23063,662
23064,665
23065,665
23066,657
23067,637
23068,697
23069,705
23070,704
23071,696
23072,681
23073,676
23074,682
23075,679
23076,669
23077,648
23078,666
23079,674
23080,672
23081,660
23082,640
23083,687
23084,700
23085,702
23086,695
23087,680
23088,679
23089,687
23090,688
23091,681
23092,666
23093,663
23094,672
23095,671
23096,661
23097,638
23098,706
23099,717
23100,715
23101,707
23102,687
23103,730
23104,738
23105,737
23106,722
23107,704
23108,733
23109,739
23110,736
23111,719
23112,702
23113,749
23114,752
23115,749
23116,738
23117,715
23118,743
23119,745
23120,744
23121,726
23122,708
23123,736
23124,739
23125,739
23126,726
23127,707
23128,710
23129,715
23130,713
23131,701
23132,679
23133,721
23134,724
23135,726
23136,711
23137,692
23138,724
23139,731
23140,730
23141,716
23142,699
23143,691
23144,705
23145,707
23146,696
23147,683
23148,691
23149,698
23150,696
23151,686
23152,667
23153,679
23154,687
23155,689
23156,682
23157,668
23158,690
23159,696
23160,693
23161,684
23162,668
23163,695
23164,702
23165,697
23166,690
23167,676
23168,618
23169,616
23170,620
23171,614
23172,606
23173,608
23174,626
23175,628
23176,621
23177,605
23178,565
23179,584
23180,585
23181,578
23182,560
23183,546
23184,558
23185,561
23186,552
23187,539
23188,566
23189,572
23190,578
23191,571
23192,558
23193,573
23194,586
23195,586
23196,574
23197,566
23198,569
23199,573
23200,570
23201,561
23202,536
23203,551
23204,562
23205,557
23206,541
23207,519
23208,564
23209,582
23210,588
23211,581
23212,558
23213,543
23214,562
23215,565
23216,558
23217,540
23218,532
23219,538
23220,539
23221,527
23222,503
23223,490
23224,504
23225,518
23226,512
23227,499
23228,490
23229,495
23230,490
23231,473
23232,457
23233,477
23234,485
23235,487
23236,479
23237,457
23238,421
23239,435
23240,435
23241,428
23242,409
23243,397
23244,409
23245,412
23246,407
23247,395
23248,397
23249,409
23250,409
23251,401
23252,390
23253,375
23254,397
23255,408
23256,398
23257,378
23258,430
23259,441
23260,442
23261,429
23262,408
23263,395
23264,403
23265,418
23266,417
23267,402
23268,443
23269,450
23270,449
23271,443
23272,425
23273,406
23274,415
23275,411
23276,397
23277,383
23278,412
23279,422
23280,416
23281,401
23282,382
23283,355
23284,362
23285,361
23286,352
23287,324
23288,385
23289,395
23290,400
23291,399
23292,392
23293,388
23294,396
23295,402
23296,397
23297,385
23298,374
23299,379
23300,375
23301,363
23302,339
23303,324
23304,337
23305,342
23306,344
23307,331
23308,348
23309,352
23310,356
23311,353
23312,339
23313,366
23314,380
23315,388
23316,383
23317,364
23318,398
23319,410
23320,413
23321,406
23322,396
23323,458
23324,460
23325,463
23326,460
23327,453
23328,436
23329,438
23330,441
23331,436
23332,424
23333,403
23334,418
23335,423
23336,421
23337,411
23338,413
23339,418
23340,420
23341,413
23342,395
23343,412
23344,430
23345,447
23346,443
23347,434
23348,458
23349,471
23350,474
23351,465
23352,441
23353,406
23354,410
23355,402
23356,389
23357,369
23358,370
23359,370
23360,369
23361,369
23362,358
23363,401
23364,420
23365,420
23366,409
23367,388
23368,427
23369,446
23370,449
23371,441
23372,428
23373,453
23374,466
23375,465
23376,452
23377,426
23378,427
23379,445
23380,445
23381,437
23382,421
23383,435
23384,457
23385,459
23386,450
23387,434
23388,413
23389,421
23390,416
23391,402
23392,392
23393,424
23394,434
23395,436
23396,431
23397,418
23398,421
23399,431
23400,429
23401,425
23402,418
23403,381
23404,389
23405,392
23406,385
23407,375
23408,403
23409,410
23410,414
23411,413
23412,400
23413,425
23414,422
23415,410
23416,386
23417,364
23418,279
23419,236
23420,224
23421,216
23422,216
23423,232
23424,232
23425,232
23426,232
23427,232
23428,229
23429,229
23430,230
23431,229
23432,229
23433,220
23434,219
23435,219
23436,219
23437,219
23438,204
23439,204
23440,204
23441,204
23442,204
23443,223
23444,223
23445,223
23446,223
23447,223
23448,217
23449,217
23450,217
23451,217
23452,217
23453,216
23454,216
23455,216
23456,216
23457,215
23458,214
23459,214
23460,214
23461,214
23462,214
23463,208
23464,208
23465,209
23466,208
23467,208
23468,187
23469,187
23470,187
23471,187
23472,187
23473,181
23474,181
23475,181
23476,181
23477,181
23478,213
23479,213
23480,213
23481,213
23482,213
23483,220
23484,221
23485,221
23486,221
23487,221
23488,227
23489,226
23490,225
23491,225
23492,225
23493,223
23494,223
23495,223
23496,223
23497,223
23498,223
23499,223
23500,223
23501,214
23502,214
23503,214
23504,211
23505,203
23506,203
23507,203
23508,203
23509,195
23510,195
23511,195
23512,195
23513,195
23514,201
23515,212
23516,212
23517,212
23518,212
23519,209
23520,209
23521,209
23522,210
23523,210
23524,211
23525,218
23526,218
23527,218
23528,218
23529,210
23530,211
23531,211
23532,211
23533,210
23534,211
23535,211
23536,211
23537,211
23538,211
23539,210
23540,210
23541,210
23542,210
23543,210
23544,208
23545,208
23546,212
23547,212
23548,215
23549,215
23550,215
23551,215
23552,215
23553,216
23554,216
23555,216
23556,216
23557,209
23558,209
23559,209
23560,209
23561,209
23562,209
23563,209
23564,209
23565,209
23566,209
23567,209
23568,209
23569,209
23570,209
23571,209
23572,220
23573,219
23574,219
23575,219
23576,219
23577,208
23578,208
23579,208
23580,208
23581,211
23582,211
23583,211
23584,211
23585,218
23586,218
23587,218
23588,218
23589,218
23590,220
23591,220
23592,220
23593,220
23594,220
23595,220
23596,220
23597,220
23598,220
23599,220
23600,214
23601,214
23602,214
23603,214
23604,212
23605,212
23606,212
23607,212
23608,212
23609,210
23610,210
23611,210
23612,210
23613,209
23614,209
23615,209
23616,209
23617,209
23618,215
23619,215
23620,215
23621,215
23622,215
23623,212
23624,212
23625,212
23626,212
23627,212
23628,203
23629,203
23630,203
23631,203
23632,203
23633,210
23634,210
23635,210
23636,209
23637,209
23638,215
23639,215
23640,215
23641,215
23642,215
23643,208
23644,208
23645,208
23646,208
23647,192
23648,194
23649,197
23650,199
23651,200
23652,200
23653,200
23654,201
23655,201
23656,201
23657,205
23658,203
23659,203
23660,203
23661,186
23662,186
23663,185
23664,187
23665,197
23666,195
23667,197
23668,198
23669,200
23670,199
23671,199
23672,201
23673,201
23674,202
23675,201
23676,210
23677,211
23678,211
23679,211
23680,211
23681,205
23682,206
23683,205
23684,206
23685,205
23686,210
23687,211
23688,212
23689,213
23690,213
23691,212
23692,212
23693,212
23694,212
23695,212
23696,204
23697,206
23698,206
23699,206
23700,207
23701,222
23702,220
23703,218
23704,217
23705,217
23706,206
23707,206
23708,206
23709,205
23710,205
23711,219
23712,219
23713,220
23714,220
23715,219
23716,201
23717,201
23718,205
23719,207
23720,206
23721,191
23722,191
23723,194
23724,198
23725,204
23726,207
23727,206
23728,208
23729,208
23730,208
23731,214
23732,215
23733,216
23734,215
23735,214
23736,206
23737,206
23738,206
23739,207
23740,206
23741,203
23742,203
23743,203
23744,203
23745,203
23746,204
23747,204
23748,204
23749,204
23750,205
23751,207
23752,207
23753,207
23754,209
23755,209
23756,226
23757,227
23758,229
23759,229
23760,228
23761,233
23762,234
23763,236
23764,236
23765,236
23766,222
23767,221
23768,224
23769,222
23770,220
23771,214
23772,219
23773,221
23774,220
23775,219
23776,235
23777,236
23778,236
23779,234
23780,233
23781,256
23782,258
23783,256
23784,245
23785,238
23786,230
23787,224
23788,217
23789,210
23790,211
23791,199
23792,199
23793,202
23794,201
23795,201
23796,211
23797,213
23798,214
23799,214
23800,214
23801,209
23802,208
23803,209
23804,209
23805,209
23806,215
23807,216
23808,218
23809,218
23810,209
23811,202
23812,203
23813,204
23814,203
23815,203
23816,211
23817,211
23818,212
23819,213
23820,212
23821,207
23822,206
23823,206
23824,207
23825,207
23826,215
23827,217
23828,217
23829,218
23830,217
23831,217
23832,216
23833,214
23834,209
23835,209
23836,206
23837,205
23838,205
23839,205
23840,205
23841,208
23842,212
23843,212
23844,213
23845,214
23846,216
23847,217
23848,218
23849,217
23850,217
23851,209
23852,209
23853,209
23854,211
23855,211
23856,213
23857,215
23858,215
23859,214
23860,214
23861,199
23862,199
23863,200
23864,206
23865,207
23866,209
23867,212
23868,217
23869,219
23870,217
23871,208
23872,210
23873,212
23874,212
23875,211
23876,223
23877,227
23878,230
23879,232
23880,233
23881,235
23882,235
23883,234
23884,235
23885,235
23886,234
23887,234
23888,234
23889,232
23890,229
23891,239
23892,239
23893,239
23894,238
23895,232
23896,240
23897,237
23898,234
23899,229
23900,224
23901,215
23902,212
23903,213
23904,218
23905,218
23906,273
23907,274
23908,274
23909,272
23910,266
23911,267
23912,262
23913,259
23914,252
23915,246
23916,253
23917,256
23918,253
23919,236
23920,227
23921,253
23922,254
23923,249
23924,245
23925,238
23926,253
23927,254
23928,251
23929,249
23930,244
23931,257
23932,257
23933,255
23934,252
23935,249
23936,243
23937,243
23938,240
23939,236
23940,232
23941,233
23942,234
23943,233
23944,231
23945,228
23946,245
23947,248
23948,247
23949,245
23950,234
23951,248
23952,248
23953,249
23954,251
23955,248
23956,266
23957,270
23958,270
23959,269
23960,264
23961,282
23962,283
23963,281
23964,272
23965,266
23966,287
23967,290
23968,285
23969,281
23970,272
23971,280
23972,278
23973,274
23974,268
23975,259
23976,266
23977,264
23978,261
23979,258
23980,252
23981,280
23982,279
23983,276
23984,271
23985,265
23986,287
23987,288
23988,286
23989,282
23990,277
23991,282
23992,282
23993,279
23994,274
23995,268
23996,274
23997,273
23998,270
23999,265
24000,255
24001,268
24002,268
24003,265
24004,262
24005,258
24006,256
24007,255
24008,255
24009,249
24010,232
24011,231
24012,228
24013,227
24014,223
24015,221
24016,225
24017,224
24018,223
24019,220
24020,212
24021,211
24022,210
24023,210
24024,209
24025,209
24026,212
24027,212
24028,213
24029,213
24030,212
24031,221
24032,221
24033,221
24034,220
24035,217
24036,217
24037,215
24038,214
24039,212
24040,207
24041,227
24042,226
24043,225
24044,222
24045,220
24046,230
24047,232
24048,229
24049,225
24050,222
24051,236
24052,229
24053,219
24054,219
24055,219
24056,220
24057,221
24058,222
24059,223
24060,222
24061,233
24062,234
24063,237
24064,238
24065,236
24066,281
24067,286
24068,314
24069,326
24070,323
24071,457
24072,459
24073,450
24074,434
24075,416
24076,403
24077,424
24078,424
24079,420
24080,402
24081,383
24082,391
24083,395
24084,388
24085,377
24086,429
24087,436
24088,432
24089,417
24090,397
24091,485
24092,492
24093,493
24094,488
24095,474
24096,485
24097,495
24098,487
24099,464
24100,445
24101,384
24102,380
24103,344
24104,323
24105,319
24106,393
24107,399
24108,400
24109,396
24110,387
24111,443
24112,462
24113,469
24114,467
24115,457
24116,479
24117,485
24118,486
24119,479
24120,465
24121,453
24122,454
24123,448
24124,431
24125,400
24126,424
24127,427
24128,424
24129,312
24130,308
24131,364
24132,373
24133,375
24134,373
24135,365
24136,407
24137,414
24138,412
24139,405
24140,392
24141,409
24142,409
24143,403
24144,392
24145,377
24146,404
24147,408
24148,403
24149,392
24150,379
24151,402
24152,405
24153,406
24154,397
24155,384
24156,512
24157,518
24158,520
24159,511
24160,496
24161,555
24162,553
24163,545
24164,528
24165,510
24166,554
24167,557
24168,545
24169,523
24170,506
24171,534
24172,532
24173,526
24174,510
24175,486
24176,540
24177,544
24178,537
24179,524
24180,511
24181,554
24182,552
24183,543
24184,516
24185,486
24186,548
24187,549
24188,539
24189,522
24190,498
24191,568
24192,563
24193,554
24194,538
24195,512
24196,603
24197,592
24198,571
24199,544
24200,516
24201,499
24202,489
24203,473
24204,453
24205,419
24206,551
24207,557
24208,549
24209,538
24210,520
24211,607
24212,605
24213,595
24214,569
24215,547
24216,589
24217,589
24218,570
24219,543
24220,512
24221,607
24222,607
24223,596
24224,580
24225,546
24226,620
24227,624
24228,603
24229,575
24230,545
24231,492
24232,466
24233,459
24234,444
24235,429
24236,634
24237,631
24238,620
24239,600
24240,568
24241,619
24242,613
24243,598
24244,568
24245,545
24246,654
24247,655
24248,648
24249,631
24250,607
24251,612
24252,605
24253,592
24254,569
24255,541
24256,581
24257,583
24258,577
24259,553
24260,522
24261,620
24262,620
24263,614
24264,592
24265,567
24266,641
24267,644
24268,631
24269,615
24270,586
24271,649
24272,649
24273,641
24274,625
24275,606
24276,675
24277,672
24278,662
24279,645
24280,621
24281,624
24282,621
24283,601
24284,581
24285,560
24286,596
24287,600
24288,592
24289,566
24290,539
24291,610
24292,609
24293,600
24294,570
24295,537
24296,599
24297,605
24298,603
24299,591
24300,570
24301,604
24302,604
24303,593
24304,575
24305,553
24306,621
24307,621
24308,614
24309,593
24310,568
24311,619
24312,628
24313,619
24314,599
24315,580
24316,625
24317,633
24318,627
24319,606
24320,581
24321,609
24322,607
24323,598
24324,580
24325,550
24326,557
24327,557
24328,547
24329,525
24330,501
24331,533
24332,536
24333,529
24334,511
24335,486
24336,579
24337,586
24338,583
24339,571
24340,542
24341,549
24342,553
24343,539
24344,526
24345,503
24346,541
24347,546
24348,543
24349,525
24350,506
24351,529
24352,538
24353,546
24354,536
24355,526
24356,542
24357,543
24358,537
24359,488
24360,469
24361,458
24362,459
24363,453
24364,441
24365,424
24366,420
24367,426
24368,418
24369,409
24370,393
24371,450
24372,448
24373,439
24374,426
24375,415
24376,425
24377,433
24378,432
24379,417
24380,397
24381,441
24382,445
24383,440
24384,427
24385,407
24386,405
24387,411
24388,414
24389,398
24390,385
24391,421
24392,437
24393,443
24394,437
24395,428
24396,426
24397,435
24398,438
24399,431
24400,417
24401,469
24402,484
24403,485
24404,478
24405,459
24406,485
24407,493
24408,495
24409,487
24410,472
24411,497
24412,504
24413,505
24414,493
24415,480
24416,508
24417,514
24418,511
24419,499
24420,470
24421,489
24422,506
24423,507
24424,498
24425,482
24426,488
24427,496
24428,495
24429,482
24430,463
24431,476
24432,484
24433,479
24434,465
24435,441
24436,453
24437,453
24438,448
24439,430
24440,405
24441,468
24442,468
24443,463
24444,448
24445,377
24446,454
24447,469
24448,472
24449,469
24450,453
24451,447
24452,453
24453,445
24454,423
24455,387
24456,506
24457,520
24458,527
24459,529
24460,514
24461,576
24462,579
24463,580
24464,569
24465,534
24466,632
24467,646
24468,650
24469,643
24470,629
24471,685
24472,691
24473,684
24474,658
24475,638
24476,634
24477,638
24478,633
24479,616
24480,590
24481,607
24482,625
24483,629
24484,622
24485,610
24486,638
24487,645
24488,643
24489,634
24490,612
24491,667
24492,675
24493,672
24494,654
24495,632
24496,614
24497,627
24498,621
24499,602
24500,570
24501,654
24502,664
24503,658
24504,644
24505,628
24506,724
24507,731
24508,729
24509,717
24510,690
24511,714
24512,720
24513,715
24514,707
24515,688
24516,696
24517,702
24518,694
24519,675
24520,652
24521,721
24522,725
24523,721
24524,708
24525,686
24526,679
24527,689
24528,683
24529,667
24530,647
24531,692
24532,694
24533,687
24534,670
24535,639
24536,739
24537,746
24538,740
24539,727
24540,706
24541,724
24542,728
24543,721
24544,699
24545,674
24546,674
24547,677
24548,678
24549,667
24550,648
24551,661
24552,671
24553,670
24554,658
24555,634
24556,622
24557,631
24558,627
24559,614
24560,595
24561,543
24562,547
24563,544
24564,532
24565,523
24566,432
24567,436
24568,434
24569,425
24570,413
24571,439
24572,442
24573,444
24574,433
24575,411
24576,406
24577,404
24578,393
24579,385
24580,371
24581,325
24582,337
24583,345
24584,345
24585,341
24586,358
24587,363
24588,373
24589,372
24590,357
24591,352
24592,368
24593,369
24594,360
24595,336
24596,372
24597,379
24598,376
24599,372
24600,347
24601,354
24602,356
24603,349
24604,331
24605,313
24606,307
24607,310
24608,310
24609,304
24610,294
24611,335
24612,346
24613,344
24614,330
24615,316
24616,363
24617,369
24618,373
24619,370
24620,357
24621,368
24622,375
24623,373
24624,361
24625,348
24626,345
24627,345
24628,338
24629,326
24630,302
24631,286
24632,293
24633,299
24634,299
24635,287
24636,323
24637,326
24638,330
24639,322
24640,305
24641,309
24642,319
24643,316
24644,312
24645,298
24646,337
24647,368
24648,377
24649,379
24650,370
24651,378
24652,380
24653,379
24654,365
24655,341
24656,309
24657,316
24658,312
24659,306
24660,287
24661,293
24662,301
24663,300
24664,296
24665,284
24666,303
24667,308
24668,308
24669,303
24670,295
24671,329
24672,331
24673,337
24674,335
24675,326
24676,301
24677,305
24678,305
24679,299
24680,285
24681,264
24682,269
24683,270
24684,267
24685,262
24686,355
24687,365
24688,369
24689,372
24690,368
24691,335
24692,334
24693,329
24694,324
24695,317
24696,245
24697,253
24698,257
24699,254
24700,251
24701,229
24702,250
24703,275
24704,276
24705,272
24706,264
24707,266
24708,265
24709,257
24710,242
24711,206
24712,211
24713,215
24714,212
24715,208
24716,218
24717,237
24718,267
24719,272
24720,268
24721,243
24722,242
24723,234
24724,223
24725,214
24726,200
24727,202
24728,200
24729,194
24730,187
24731,184
24732,188
24733,196
24734,200
24735,198
24736,229
24737,235
24738,235
24739,232
24740,225
24741,236
24742,236
24743,234
24744,230
24745,226
24746,207
24747,205
24748,205
24749,200
24750,196
24751,266
24752,284
24753,285
24754,283
24755,278
24756,213
24757,211
24758,207
24759,200
24760,196
24761,188
24762,194
24763,191
24764,188
24765,184
24766,182
24767,186
24768,190
24769,192
24770,190
24771,208
24772,207
24773,206
24774,201
24775,196
24776,185
24777,186
24778,186
24779,183
24780,181
24781,175
24782,176
24783,176
24784,172
24785,165
24786,177
24787,204
24788,207
24789,206
24790,202
24791,175
24792,174
24793,164
24794,156
24795,146
24796,144
24797,145
24798,145
24799,144
24800,142
24801,150
24802,149
24803,149
24804,147
24805,145
24806,200
24807,200
24808,200
24809,199
24810,193
24811,168
24812,167
24813,168
24814,164
24815,161
24816,172
24817,169
24818,167
24819,163
24820,161
24821,182
24822,185
24823,185
24824,184
24825,180
24826,161
24827,160
24828,158
24829,155
24830,152
24831,154
24832,148
24833,145
24834,142
24835,142
24836,126
24837,126
24838,127
24839,127
24840,126
24841,101
24842,101
24843,101
24844,101
24845,101
24846,101
24847,101
24848,101
24849,101
24850,101
24851,107
24852,107
24853,107
24854,107
24855,107
24856,107
24857,107
24858,107
24859,107
24860,107
24861,103
24862,103
24863,103
24864,103
24865,103
24866,109
24867,109
24868,109
24869,109
24870,164
24871,164
24872,164
24873,164
24874,164
24875,150
24876,150
24877,150
24878,149
24879,149
24880,112
24881,112
24882,112
24883,112
24884,112
24885,146
24886,146
24887,146
24888,166
24889,166
24890,184
24891,184
24892,184
24893,184
24894,140
24895,140
24896,140
24897,140
24898,140
24899,106
24900,106
24901,104
24902,104
24903,104
24904,112
24905,112
24906,115
24907,115
24908,115
24909,122
24910,122
24911,113
24912,113
24913,113
24914,113
24915,113
24916,106
24917,106
24918,106
24919,106
24920,106
24921,102
24922,102
24923,102
24924,102
24925,102
24926,95
24927,95
24928,95
24929,95
24930,95
24931,97
24932,97
24933,97
24934,97
24935,97
24936,102
24937,102
24938,102
24939,102
24940,113
24941,113
24942,113
24943,113
24944,153
24945,153
24946,153
24947,151
24948,151
24949,169
24950,168
24951,168
24952,168
24953,153
24954,153
24955,153
24956,153
24957,132
24958,132
24959,132
24960,132
24961,132
24962,138
24963,138
24964,138
24965,138
24966,161
24967,161
24968,161
24969,161
24970,123
24971,123
24972,123
24973,123
24974,123
24975,105
24976,106
24977,106
24978,106
24979,106
24980,99
24981,99
24982,99
24983,116
24984,116
24985,116
24986,116
24987,116
24988,104
24989,104
24990,104
24991,104
24992,100
24993,100
24994,100
24995,100
24996,100
24997,92
24998,92
24999,113
25000,113
25001,113
25002,102
25003,102
25004,107
25005,107
25006,122
25007,122
25008,122
25009,124
25010,124
25011,114
25012,114
25013,103
25014,103
25015,103
25016,103
25017,103
25018,94
25019,94
25020,94
25021,94
25022,94
25023,103
25024,103
25025,107
25026,107
25027,110
25028,110
25029,110
25030,102
25031,102
25032,102
25033,102
25034,96
25035,96
25036,95
25037,95
25038,95
25039,107
25040,107
25041,107
25042,107
25043,107
25044,148
25045,148
25046,148
25047,148
25048,179
25049,179
25050,178
25051,178
25052,177
25053,148
25054,148
25055,149
25056,150
25057,150
25058,113
25059,112
25060,112
25061,112
25062,112
25063,106
25064,106
25065,106
25066,106
25067,102
25068,102
25069,102
25070,102
25071,102
25072,122
25073,122
25074,122
25075,122
25076,122
25077,113
25078,113
25079,113
25080,113
25081,106
25082,106
25083,109
25084,108
25085,120
25086,120
25087,120
25088,120
25089,119
25090,104
25091,104
25092,104
25093,104
25094,104
25095,95
25096,94
25097,94
25098,93
25099,93
25100,107
25101,107
25102,107
25103,107
25104,107
25105,119
25106,119
25107,119
25108,119
25109,119
25110,110
25111,111
25112,110
25113,111
25114,112
25115,146
25116,153
25117,154
25118,156
25119,154
25120,155
25121,162
25122,163
25123,163
25124,161
25125,180
25126,178
25127,173
25128,170
25129,167
25130,169
25131,168
25132,167
25133,163
25134,158
25135,159
25136,157
25137,154
25138,150
25139,147
25140,114
25141,113
25142,113
25143,113
25144,113
25145,159
25146,159
25147,159
25148,160
25149,158
25150,144
25151,147
25152,147
25153,146
25154,145
25155,167
25156,167
25157,166
25158,169
25159,169
25160,190
25161,192
25162,192
25163,191
25164,191
25165,181
25166,182
25167,181
25168,181
25169,179
25170,141
25171,141
25172,142
25173,141
25174,141
25175,109
25176,109
25177,109
25178,109
25179,109
25180,115
25181,115
25182,115
25183,115
25184,115
25185,131
25186,131
25187,131
25188,131
25189,131
25190,115
25191,115
25192,115
25193,115
25194,115
25195,100
25196,99
25197,99
25198,100
25199,99
25200,103
25201,105
25202,107
25203,107
25204,107
25205,109
25206,109
25207,109
25208,109
25209,107
25210,103
25211,103
25212,103
25213,102
25214,101
25215,121
25216,120
25217,120
25218,120
25219,120
25220,149
25221,148
25222,148
25223,147
25224,147
25225,152
25226,153
25227,152
25228,152
25229,152
25230,114
25231,114
25232,114
25233,114
25234,114
25235,118
25236,118
25237,118
25238,119
25239,119
25240,124
25241,124
25242,124
25243,124
25244,123
25245,124
25246,125
25247,126
25248,126
25249,125
25250,115
25251,115
25252,114
25253,112
25254,111
25255,114
25256,114
25257,115
25258,115
25259,113
25260,109
25261,109
25262,109
25263,109
25264,108
25265,105
25266,104
25267,103
25268,103
25269,102
25270,117
25271,116
25272,117
25273,117
25274,115
25275,116
25276,114
25277,111
25278,110
25279,108
25280,109
25281,112
25282,112
25283,112
25284,112
25285,163
25286,165
25287,164
25288,164
25289,161
25290,187
25291,184
25292,184
25293,182
25294,178
25295,192
25296,191
25297,191
25298,189
25299,189
25300,173
25301,176
25302,178
25303,177
25304,177
25305,171
25306,171
25307,171
25308,170
25309,156
25310,124
25311,124
25312,124
25313,122
25314,122
25315,104
25316,105
25317,105
25318,105
25319,105
25320,104
25321,104
25322,104
25323,104
25324,104
25325,84
25326,84
25327,85
25328,86
25329,86
25330,119
25331,119
25332,119
25333,117
25334,115
25335,161
25336,159
25337,159
25338,160
25339,158
25340,153
25341,152
25342,152
25343,146
25344,142
25345,185
25346,190
25347,190
25348,190
25349,186
25350,159
25351,158
25352,155
25353,153
25354,148
25355,119
25356,118
25357,117
25358,116
25359,114
25360,107
25361,108
25362,109
25363,109
25364,107
25365,114
25366,114
25367,112
25368,111
25369,110
25370,108
25371,109
25372,108
25373,107
25374,106
25375,108
25376,109
25377,111
25378,111
25379,110
25380,121
25381,121
25382,121
25383,119
25384,118
25385,183
25386,183
25387,183
25388,181
25389,178
25390,136
25391,135
25392,134
25393,133
25394,132
25395,160
25396,160
25397,158
25398,154
25399,150
25400,181
25401,181
25402,183
25403,184
25404,183
25405,155
25406,155
25407,153
25408,146
25409,144
25410,128
25411,128
25412,126
25413,125
25414,124
25415,159
25416,158
25417,156
25418,154
25419,153
25420,129
25421,127
25422,128
25423,127
25424,126
25425,119
25426,120
25427,120
25428,116
25429,115
25430,95
25431,95
25432,94
25433,94
25434,93
25435,104
25436,113
25437,117
25438,120
25439,118
25440,118
25441,116
25442,114
25443,112
25444,110
25445,137
25446,141
25447,141
25448,138
25449,136
25450,210
25451,215
25452,220
25453,221
25454,220
25455,276
25456,279
25457,280
25458,277
25459,267
25460,223
25461,221
25462,213
25463,208
25464,198
25465,209
25466,211
25467,214
25468,211
25469,204
25470,194
25471,190
25472,183
25473,178
25474,155
25475,156
25476,161
25477,161
25478,162
25479,156
25480,169
25481,180
25482,182
25483,180
25484,174
25485,194
25486,200
25487,217
25488,215
25489,211
25490,246
25491,246
25492,244
25493,237
25494,222
25495,219
25496,221
25497,220
25498,216
25499,211
25500,221
25501,236
25502,237
25503,234
25504,228
25505,212
25506,231
25507,233
25508,228
25509,225
25510,182
25511,181
25512,180
25513,178
25514,176
25515,230
25516,232
25517,229
25518,224
25519,207
25520,182
25521,183
25522,181
25523,177
25524,172
25525,218
25526,243
25527,265
25528,271
25529,269
25530,256
25531,266
25532,267
25533,263
25534,254
25535,255
25536,253
25537,244
25538,222
25539,209
25540,242
25541,254
25542,254
25543,249
25544,241
25545,286
25546,289
25547,288
25548,282
25549,275
25550,251
25551,252
25552,249
25553,238
25554,227
25555,253
25556,260
25557,260
25558,257
25559,251
25560,210
25561,215
25562,258
25563,258
25564,251
25565,262
25566,260
25567,256
25568,249
25569,239
25570,256
25571,277
25572,299
25573,291
25574,271
25575,323
25576,325
25577,325
25578,322
25579,316
25580,329
25581,332
25582,330
25583,322
25584,315
25585,299
25586,301
25587,309
25588,310
25589,302
25590,318
25591,322
25592,325
25593,316
25594,302
25595,241
25596,241
25597,236
25598,227
25599,215
25600,188
25601,193
25602,210
25603,218
25604,215
25605,224
25606,228
25607,225
25608,218
25609,216
25610,271
25611,281
25612,281
25613,263
25614,237
25615,200
25616,203
25617,218
25618,229
25619,225
25620,223
25621,225
25622,216
25623,202
25624,187
25625,175
25626,187
25627,195
25628,194
25629,182
25630,239
25631,245
25632,241
25633,238
25634,228
25635,324
25636,358
25637,362
25638,362
25639,357
25640,420
25641,418
25642,410
25643,403
25644,391
25645,394
25646,421
25647,437
25648,435
25649,425
25650,457
25651,474
25652,477
25653,478
25654,456
25655,440
25656,459
25657,461
25658,448
25659,430
25660,431
25661,432
25662,426
25663,417
25664,409
25665,370
25666,380
25667,388
25668,385
25669,368
25670,323
25671,329
25672,338
25673,331
25674,317
25675,396
25676,406
25677,406
25678,401
25679,391
25680,410
25681,412
25682,410
25683,401
25684,388
25685,334
25686,337
25687,336
25688,328
25689,311
25690,339
25691,360
25692,362
25693,353
25694,337
25695,346
25696,347
25697,333
25698,331
25699,319
25700,431
25701,437
25702,433
25703,423
25704,402
25705,399
25706,406
25707,408
25708,402
25709,397
25710,389
25711,400
25712,399
25713,390
25714,379
25715,313
25716,311
25717,300
25718,294
25719,282
25720,358
25721,388
25722,394
25723,388
25724,371
25725,405
25726,404
25727,394
25728,369
25729,342
25730,363
25731,394
25732,401
25733,394
25734,379
25735,404
25736,403
25737,385
25738,374
25739,357
25740,374
25741,386
25742,398
25743,395
25744,382
25745,387
25746,388
25747,374
25748,336
25749,314
25750,331
25751,328
25752,316
25753,292
25754,279
25755,301
25756,309
25757,311
25758,302
25759,278
25760,370
25761,367
25762,361
25763,353
25764,335
25765,333
25766,342
25767,354
25768,340
25769,323
25770,450
25771,460
25772,469
25773,462
25774,454
25775,450
25776,449
25777,435
25778,412
25779,398
25780,408
25781,421
25782,423
25783,412
25784,397
25785,338
25786,345
25787,338
25788,310
25789,286
25790,370
25791,378
25792,375
25793,362
25794,336
25795,306
25796,300
25797,283
25798,268
25799,256
25800,346
25801,373
25802,380
25803,370
25804,362
25805,369
25806,377
25807,378
25808,380
25809,376
25810,380
25811,375
25812,359
25813,328
25814,267
25815,282
25816,283
25817,279
25818,275
25819,262
25820,320
25821,340
25822,347
25823,342
25824,323
25825,230
25826,242
25827,242
25828,243
25829,228
25830,367
25831,382
25832,382
25833,382
25834,375
25835,433
25836,439
25837,440
25838,427
25839,405
25840,427
25841,431
25842,425
25843,413
25844,391
25845,439
25846,448
25847,450
25848,448
25849,440
25850,522
25851,528
25852,528
25853,522
25854,510
25855,532
25856,534
25857,524
25858,497
25859,476
25860,502
25861,506
25862,500
25863,488
25864,477
25865,496
25866,499
25867,492
25868,479
25869,463
25870,513
25871,520
25872,517
25873,511
25874,497
25875,501
25876,506
25877,506
25878,496
25879,481
25880,528
25881,530
25882,530
25883,520
25884,506
25885,548
25886,551
25887,541
25888,474
25889,459
25890,526
25891,528
25892,525
25893,517
25894,506
25895,489
25896,489
25897,487
25898,481
25899,462
25900,438
25901,440
25902,434
25903,424
25904,410
25905,414
25906,408
25907,414
25908,404
25909,386
25910,392
25911,403
25912,406
25913,401
25914,386
25915,344
25916,341
25917,328
25918,314
25919,303
25920,291
25921,315
25922,318
25923,309
25924,289
25925,266
25926,275
25927,270
25928,269
25929,262
25930,252
25931,246
25932,223
25933,196
25934,176
25935,160
25936,165
25937,187
25938,189
25939,184
25940,201
25941,195
25942,177
25943,157
25944,142
25945,180
25946,189
25947,197
25948,209
25949,206
25950,288
25951,286
25952,268
25953,239
25954,221
25955,228
25956,228
25957,217
25958,198
25959,178
25960,160
25961,159
25962,156
25963,165
25964,163
25965,205
25966,204
25967,198
25968,179
25969,160
25970,198
25971,255
25972,274
25973,275
25974,273
25975,233
25976,226
25977,210
25978,195
25979,182
25980,146
25981,151
25982,163
25983,169
25984,166
25985,150
25986,147
25987,131
25988,118
25989,113
25990,114
25991,119
25992,145
25993,156
25994,156
25995,196
25996,192
25997,169
25998,155
25999,146
26000,103
26001,103
26002,102
26003,100
26004,99
26005,182
26006,182
26007,182
26008,182
26009,182
26010,170
26011,170
26012,170
26013,170
26014,170
26015,136
26016,137
26017,137
26018,136
26019,130
26020,129
26021,131
26022,131
26023,130
26024,130
26025,122
26026,121
26027,121
26028,121
26029,121
26030,100
26031,100
26032,99
26033,99
26034,99
26035,84
26036,84
26037,84
26038,84
26039,84
26040,84
26041,84
26042,84
26043,84
26044,84
26045,93
26046,93
26047,93
26048,93
26049,93
26050,90
26051,90
26052,90
26053,90
26054,90
26055,144
26056,144
26057,144
26058,137
26059,137
26060,137
26061,137
26062,137
26063,121
26064,121
26065,121
26066,121
26067,121
26068,204
26069,204
26070,204
26071,204
26072,204
26073,189
26074,189
26075,189
26076,189
26077,189
26078,125
26079,125
26080,125
26081,125
26082,125
26083,110
26084,110
26085,110
26086,110
26087,110
26088,127
26089,127
26090,127
26091,127
26092,127
26093,95
26094,95
26095,95
26096,95
26097,95
26098,87
26099,87
26100,87
26101,87
26102,87
26103,90
26104,90
26105,90
26106,90
26107,90
26108,88
26109,88
26110,88
26111,88
26112,86
26113,86
26114,86
26115,86
26116,84
26117,84
26118,84
26119,84
26120,98
26121,99
26122,99
26123,99
26124,99
26125,131
26126,131
26127,131
26128,131
26129,131
26130,128
26131,128
26132,128
26133,128
26134,128
26135,127
26136,127
26137,127
26138,127
26139,117
26140,118
26141,119
26142,119
26143,119
26144,134
26145,134
26146,134
26147,134
26148,134
26149,119
26150,119
26151,119
26152,119
26153,119
26154,94
26155,94
26156,95
26157,95
26158,95
26159,89
26160,90
26161,90
26162,90
26163,90
26164,88
26165,88
26166,88
26167,88
26168,88
26169,95
26170,95
26171,95
26172,95
26173,95
26174,96
26175,97
26176,96
26177,96
26178,96
26179,106
26180,106
26181,106
26182,107
26183,107
26184,102
26185,102
26186,102
26187,101
26188,100
26189,106
26190,105
26191,105
26192,105
26193,105
26194,135
26195,135
26196,135
26197,135
26198,135
26199,117
26200,117
26201,117
26202,117
26203,117
26204,123
26205,123
26206,123
26207,123
26208,123
26209,134
26210,134
26211,134
26212,134
26213,134
26214,129
26215,129
26216,129
26217,129
26218,129
26219,101
26220,100
26221,100
26222,100
26223,100
26224,90
26225,90
26226,90
26227,90
26228,90
26229,106
26230,106
26231,106
26232,106
26233,105
26234,112
26235,112
26236,112
26237,112
26238,112
26239,112
26240,112
26241,112
26242,112
26243,112
26244,97
26245,97
26246,97
26247,97
26248,97
26249,96
26250,96
26251,94
26252,94
26253,94
26254,94
26255,94
26256,115
26257,115
26258,115
26259,115
26260,110
26261,110
26262,110
26263,110
26264,90
26265,90
26266,90
26267,90
26268,90
26269,85
26270,85
26271,85
26272,85
26273,91
26274,91
26275,105
26276,105
26277,105
26278,105
26279,105
26280,100
26281,100
26282,100
26283,100
26284,100
26285,102
26286,102
26287,102
26288,102
26289,100
26290,100
26291,143
26292,143
26293,142
26294,142
26295,115
26296,115
26297,115
26298,115
26299,122
26300,122
26301,122
26302,122
26303,122
26304,108
26305,108
26306,108
26307,108
26308,113
26309,113
26310,113
26311,129
26312,129
26313,129
26314,145
26315,145
26316,145
26317,145
26318,145
26319,197
26320,197
26321,195
26322,195
26323,184
26324,183
26325,182
26326,182
26327,113
26328,113
26329,113
26330,113
26331,113
26332,118
26333,118
26334,118
26335,118
26336,128
26337,128
26338,128
26339,128
26340,128
26341,143
26342,143
26343,143
26344,143
26345,150
26346,150
26347,150
26348,150
26349,150
26350,157
26351,157
26352,157
26353,129
26354,129
26355,129
26356,129
26357,129
26358,182
26359,182
26360,182
26361,182
26362,182
26363,179
26364,179
26365,179
26366,179
26367,127
26368,127
26369,127
26370,125
26371,125
26372,125
26373,125
26374,113
26375,113
26376,113
26377,112
26378,112
26379,116
26380,116
26381,116
26382,119
26383,119
26384,119
26385,119
26386,119
26387,117
26388,117
26389,117
26390,117
26391,141
26392,119
26393,119
26394,119
26395,119
26396,126
26397,126
26398,126
26399,107
26400,107
26401,107
26402,123
26403,123
26404,123
26405,155
26406,155
26407,155
26408,155
26409,141
26410,141
26411,141
26412,141
26413,141
26414,113
26415,113
26416,113
26417,113
26418,113
26419,106
26420,106
26421,106
26422,119
26423,119
26424,119
26425,119
26426,119
26427,123
26428,123
26429,123
26430,123
26431,100
26432,100
26433,100
26434,134
26435,134
26436,134
26437,134
26438,134
26439,145
26440,145
26441,145
26442,145
26443,125
26444,125
26445,102
26446,102
26447,102
26448,99
26449,99
26450,99
26451,101
26452,101
26453,111
26454,111
26455,111
26456,109
26457,109
26458,109
26459,109
26460,109
26461,111
26462,111
26463,111
26464,99
26465,99
26466,99
26467,99
26468,99
26469,116
26470,116
26471,116
26472,116
26473,144
26474,144
26475,144
26476,144
26477,121
26478,121
26479,121
26480,121
26481,123
26482,123
26483,123
26484,123
26485,120
26486,120
26487,120
26488,120
26489,120
26490,104
26491,104
26492,104
26493,104
26494,104
26495,91
26496,91
26497,91
26498,91
26499,91
26500,91
26501,91
26502,91
26503,97
26504,97
26505,97
26506,97
26507,97
26508,97
26509,97
26510,97
26511,97
26512,97
26513,101
26514,101
26515,101
26516,100
26517,100
26518,115
26519,115
26520,115
26521,115
26522,114
26523,128
26524,128
26525,128
26526,128
26527,128
26528,130
26529,130
26530,130
26531,130
26532,130
26533,106
26534,106
26535,106
26536,106
26537,106
26538,93
26539,93
26540,93
26541,93
26542,93
26543,100
26544,100
26545,100
26546,100
26547,100
26548,79
26549,79
26550,79
26551,79
26552,79
26553,115
26554,115
26555,115
26556,115
26557,112
26558,113
26559,113
26560,113
26561,128
26562,128
26563,128
26564,129
26565,128
26566,155
26567,155
26568,151
26569,150
26570,147
26571,95
26572,95
26573,95
26574,95
26575,95
26576,99
26577,99
26578,99
26579,99
26580,99
26581,125
26582,125
26583,125
26584,125
26585,125
26586,146
26587,145
26588,145
26589,145
26590,145
26591,145
26592,145
26593,145
26594,145
26595,145
26596,111
26597,111
26598,111
26599,111
26600,111
26601,96
26602,96
26603,96
26604,96
26605,96
26606,87
26607,87
26608,87
26609,87
26610,87
26611,101
26612,101
26613,101
26614,101
26615,101
26616,102
26617,102
26618,102
26619,102
26620,102
26621,149
26622,149
26623,148
26624,148
26625,148
26626,162
26627,157
26628,156
26629,155
26630,155
26631,137
26632,137
26633,137
26634,136
26635,136
26636,113
26637,112
26638,112
26639,112
26640,111
26641,121
26642,121
26643,121
26644,121
26645,121
26646,111
26647,111
26648,111
26649,111
26650,111
26651,102
26652,102
26653,102
26654,102
26655,102
26656,96
26657,97
26658,97
26659,97
26660,96
26661,109
26662,111
26663,114
26664,114
26665,114
26666,139
26667,139
26668,139
26669,139
26670,139
26671,216
26672,228
26673,225
26674,220
26675,215
26676,211
26677,202
26678,199
26679,191
26680,181
26681,157
26682,154
26683,150
26684,122
26685,118
26686,108
26687,107
26688,107
26689,107
26690,106
26691,108
26692,109
26693,109
26694,108
26695,108
26696,99
26697,98
26698,98
26699,98
26700,97
26701,108
26702,109
26703,109
26704,109
26705,109
26706,110
26707,109
26708,109
26709,108
26710,108
26711,116
26712,118
26713,118
26714,118
26715,118
26716,138
26717,136
26718,135
26719,135
26720,135
26721,99
26722,100
26723,107
26724,110
26725,110
26726,164
26727,168
26728,167
26729,164
26730,159
26731,220
26732,223
26733,225
26734,220
26735,214
26736,203
26737,206
26738,206
26739,202
26740,185
26741,128
26742,129
26743,128
26744,125
26745,118
26746,122
26747,129
26748,138
26749,139
26750,136
26751,123
26752,112
26753,98
26754,81
26755,80
26756,91
26757,92
26758,92
26759,91
26760,89
26761,112
26762,123
26763,132
26764,135
26765,134
26766,134
26767,133
26768,129
26769,122
26770,118
26771,127
26772,127
26773,125
26774,119
26775,104
26776,138
26777,147
26778,148
26779,150
26780,147
26781,194
26782,193
26783,190
26784,185
26785,183
26786,178
26787,177
26788,175
26789,168
26790,158
26791,174
26792,177
26793,188
26794,189
26795,189
26796,205
26797,210
26798,216
26799,217
26800,216
26801,239
26802,239
26803,236
26804,230
26805,229
26806,283
26807,294
26808,297
26809,293
26810,286
26811,272
26812,271
26813,264
26814,258
26815,249
26816,276
26817,302
26818,331
26819,328
26820,320
26821,320
26822,320
26823,312
26824,297
26825,282
26826,223
26827,223
26828,221
26829,218
26830,214
26831,194
26832,226
26833,240
26834,243
26835,242
26836,245
26837,265
26838,261
26839,257
26840,254
26841,319
26842,319
26843,318
26844,317
26845,313
26846,273
26847,283
26848,288
26849,284
26850,277
26851,257
26852,272
26853,288
26854,286
26855,280
26856,256
26857,255
26858,253
26859,242
26860,218
26861,254
26862,270
26863,277
26864,276
26865,271
26866,263
26867,259
26868,247
26869,236
26870,224
26871,257
26872,257
26873,256
26874,253
26875,251
26876,216
26877,264
26878,273
26879,272
26880,271
26881,254
26882,252
26883,248
26884,240
26885,233
26886,242
26887,244
26888,241
26889,237
26890,226
26891,215
26892,228
26893,263
26894,265
26895,263
26896,298
26897,303
26898,300
26899,284
26900,260
26901,166
26902,166
26903,165
26904,162
26905,160
26906,164
26907,207
26908,252
26909,255
26910,255
26911,272
26912,271
26913,240
26914,210
26915,197
26916,204
26917,205
26918,211
26919,232
26920,230
26921,305
26922,305
26923,304
26924,291
26925,266
26926,356
26927,366
26928,365
26929,358
26930,350
26931,392
26932,414
26933,412
26934,407
26935,395
26936,334
26937,331
26938,319
26939,304
26940,289
26941,283
26942,308
26943,355
26944,356
26945,353
26946,368
26947,364
26948,359
26949,341
26950,308
26951,273
26952,290
26953,304
26954,304
26955,298
26956,272
26957,267
26958,255
26959,244
26960,237
26961,242
26962,257
26963,299
26964,299
26965,296
26966,284
26967,281
26968,267
26969,257
26970,249
26971,231
26972,238
26973,255
26974,267
26975,265
26976,247
26977,246
26978,232
26979,212
26980,203
26981,181
26982,184
26983,234
26984,262
26985,264
26986,434
26987,437
26988,442
26989,436
26990,423
26991,470
26992,484
26993,485
26994,478
26995,462
26996,463
26997,462
26998,455
26999,436
27000,409
27001,404
27002,427
27003,433
27004,428
27005,415
27006,470
27007,474
27008,467
27009,448
27010,428
27011,454
27012,456
27013,452
27014,446
27015,438
27016,467
27017,494
27018,504
27019,501
27020,494
27021,478
27022,491
27023,492
27024,480
27025,466
27026,376
27027,378
27028,383
27029,396
27030,385
27031,491
27032,493
27033,491
27034,481
27035,463
27036,473
27037,481
27038,488
27039,483
27040,472
27041,471
27042,507
27043,514
27044,509
27045,504
27046,491
27047,487
27048,476
27049,456
27050,416
27051,445
27052,479
27053,474
27054,466
27055,455
27056,551
27057,556
27058,557
27059,551
27060,534
27061,434
27062,433
27063,425
27064,425
27065,412
27066,453
27067,487
27068,490
27069,482
27070,471
27071,510
27072,519
27073,527
27074,517
27075,495
27076,448
27077,446
27078,440
27079,429
27080,422
27081,428
27082,429
27083,422
27084,405
27085,377
27086,347
27087,414
27088,413
27089,395
27090,383
27091,429
27092,425
27093,415
27094,395
27095,356
27096,372
27097,379
27098,387
27099,379
27100,368
27101,484
27102,491
27103,501
27104,496
27105,475
27106,380
27107,402
27108,427
27109,423
27110,400
27111,436
27112,435
27113,423
27114,392
27115,348
27116,318
27117,338
27118,362
27119,356
27120,347
27121,349
27122,352
27123,344
27124,327
27125,300
27126,517
27127,533
27128,535
27129,528
27130,519
27131,609
27132,609
27133,611
27134,607
27135,588
27136,525
27137,523
27138,516
27139,498
27140,476
27141,485
27142,491
27143,477
27144,467
27145,455
27146,582
27147,587
27148,580
27149,569
27150,556
27151,567
27152,568
27153,566
27154,553
27155,524
27156,554
27157,561
27158,565
27159,560
27160,525
27161,538
27162,545
27163,533
27164,504
27165,487
27166,536
27167,542
27168,536
27169,521
27170,485
27171,544
27172,545
27173,527
27174,501
27175,478
27176,547
27177,551
27178,541
27179,523
27180,490
27181,517
27182,521
27183,510
27184,487
27185,471
27186,487
27187,503
27188,500
27189,480
27190,453
27191,515
27192,522
27193,511
27194,497
27195,469
27196,556
27197,562
27198,561
27199,555
27200,540
27201,543
27202,551
27203,545
27204,533
27205,510
27206,481
27207,493
27208,492
27209,473
27210,460
27211,463
27212,466
27213,475
27214,470
27215,461
27216,517
27217,528
27218,523
27219,512
27220,500
27221,547
27222,569
27223,578
27224,574
27225,558
27226,574
27227,580
27228,574
27229,568
27230,548
27231,492
27232,503
27233,496
27234,481
27235,471
27236,518
27237,524
27238,518
27239,493
27240,477
27241,511
27242,517
27243,517
27244,498
27245,481
27246,463
27247,465
27248,453
27249,436
27250,408
27251,522
27252,527
27253,520
27254,503
27255,473
27256,565
27257,568
27258,561
27259,549
27260,530
27261,631
27262,636
27263,633
27264,623
27265,606
27266,646
27267,643
27268,635
27269,599
27270,575
27271,602
27272,603
27273,594
27274,583
27275,566
27276,595
27277,596
27278,597
27279,588
27280,574
27281,596
27282,601
27283,582
27284,576
27285,553
27286,599
27287,605
27288,609
27289,603
27290,590
27291,610
27292,613
27293,610
27294,602
27295,583
27296,517
27297,484
27298,482
27299,478
27300,468
27301,490
27302,501
27303,504
27304,504
27305,499
27306,523
27307,527
27308,528
27309,527
27310,519
27311,506
27312,506
27313,511
27314,508
27315,499
27316,497
27317,501
27318,502
27319,500
27320,493
27321,464
27322,467
27323,438
27324,437
27325,433
27326,460
27327,479
27328,482
27329,480
27330,474
27331,456
27332,456
27333,448
27334,434
27335,416
27336,383
27337,398
27338,402
27339,397
27340,387
27341,410
27342,426
27343,429
27344,423
27345,410
27346,370
27347,375
27348,374
27349,366
27350,345
27351,385
27352,443
27353,443
27354,436
27355,421
27356,409
27357,407
27358,397
27359,389
27360,380
27361,423
27362,424
27363,418
27364,409
27365,398
27366,375
27367,382
27368,382
27369,376
27370,368
27371,412
27372,435
27373,436
27374,429
27375,412
27376,365
27377,369
27378,382
27379,393
27380,388
27381,442
27382,442
27383,438
27384,430
27385,417
27386,356
27387,365
27388,372
27389,368
27390,357
27391,381
27392,384
27393,382
27394,374
27395,362
27396,400
27397,406
27398,404
27399,397
27400,389
27401,330
27402,337
27403,352
27404,348
27405,343
27406,364
27407,362
27408,360
27409,357
27410,348
27411,371
27412,371
27413,366
27414,356
27415,335
27416,306
27417,307
27418,310
27419,312
27420,300
27421,369
27422,375
27423,368
27424,366
27425,355
27426,349
27427,359
27428,357
27429,355
27430,344
27431,371
27432,376
27433,372
27434,363
27435,352
27436,353
27437,362
27438,363
27439,365
27440,357
27441,352
27442,357
27443,356
27444,343
27445,327
27446,279
27447,285
27448,299
27449,298
27450,293
27451,316
27452,315
27453,308
27454,299
27455,291
27456,305
27457,311
27458,308
27459,305
27460,301
27461,280
27462,281
27463,280
27464,273
27465,262
27466,306
27467,319
27468,330
27469,327
27470,323
27471,319
27472,321
27473,319
27474,314
27475,303
27476,297
27477,305
27478,306
27479,300
27480,295
27481,290
27482,292
27483,291
27484,287
27485,282
27486,312
27487,315
27488,318
27489,315
27490,307
27491,301
27492,300
27493,306
27494,306
27495,296
27496,314
27497,317
27498,317
27499,311
27500,299
27501,300
27502,301
27503,303
27504,300
27505,293
27506,317
27507,340
27508,344
27509,341
27510,336
27511,337
27512,339
27513,345
27514,343
27515,337
27516,318
27517,322
27518,318
27519,315
27520,308
27521,307
27522,305
27523,298
27524,290
27525,277
27526,312
27527,320
27528,329
27529,329
27530,326
27531,324
27532,326
27533,324
27534,320
27535,314
27536,311
27537,314
27538,315
27539,317
27540,315
27541,378
27542,376
27543,372
27544,365
27545,349
27546,316
27547,320
27548,317
27549,310
27550,303
27551,274
27552,273
27553,262
27554,261
27555,257
27556,255
27557,255
27558,252
27559,247
27560,244
27561,250
27562,248
27563,245
27564,236
27565,236
27566,235
27567,232
27568,229
27569,229
27570,229
27571,236
27572,236
27573,234
27574,233
27575,232
27576,236
27577,235
27578,235
27579,235
27580,234
27581,230
27582,229
27583,229
27584,229
27585,229
27586,219
27587,219
27588,219
27589,219
27590,219
27591,211
27592,211
27593,211
27594,211
27595,211
27596,202
27597,202
27598,202
27599,200
27600,200
27601,212
27602,212
27603,212
27604,212
27605,212
27606,212
27607,211
27608,211
27609,211
27610,210
27611,218
27612,218
27613,218
27614,218
27615,218
27616,208
27617,208
27618,208
27619,208
27620,208
27621,205
27622,205
27623,205
27624,205
27625,205
27626,201
27627,201
27628,201
27629,201
27630,201
27631,205
27632,205
27633,205
27634,205
27635,205
27636,208
27637,208
27638,208
27639,208
27640,208
27641,214
27642,214
27643,213
27644,214
27645,214
27646,199
27647,199
27648,198
27649,198
27650,198
27651,199
27652,199
27653,199
27654,199
27655,199
27656,201
27657,201
27658,201
27659,201
27660,201
27661,197
27662,197
27663,197
27664,197
27665,197
27666,202
27667,202
27668,202
27669,202
27670,202
27671,201
27672,201
27673,201
27674,201
27675,201
27676,200
27677,200
27678,200
27679,200
27680,200
27681,209
27682,209
27683,209
27684,209
27685,209
27686,207
27687,207
27688,207
27689,208
27690,208
27691,200
27692,200
27693,200
27694,200
27695,200
27696,206
27697,206
27698,207
27699,207
27700,207
27701,203
27702,203
27703,204
27704,204
27705,204
27706,189
27707,189
27708,189
27709,189
27710,189
27711,198
27712,198
27713,198
27714,198
27715,198
27716,205
27717,206
27718,206
27719,206
27720,206
27721,207
27722,207
27723,207
27724,207
27725,207
27726,199
27727,199
27728,199
27729,199
27730,199
27731,195
27732,195
27733,195
27734,195
27735,195
27736,203
27737,203
27738,203
27739,203
27740,203
27741,197
27742,197
27743,197
27744,197
27745,197
27746,201
27747,201
27748,201
27749,201
27750,200
27751,195
27752,195
27753,195
27754,195
27755,195
27756,208
27757,208
27758,207
27759,207
27760,207
27761,203
27762,203
27763,203
27764,203
27765,203
27766,204
27767,204
27768,204
27769,204
27770,204
27771,195
27772,194
27773,194
27774,194
27775,194
27776,200
27777,200
27778,200
27779,200
27780,200
27781,197
27782,197
27783,197
27784,197
27785,197
27786,198
27787,198
27788,198
27789,198
27790,198
27791,204
27792,204
27793,204
27794,204
27795,203
27796,207
27797,208
27798,207
27799,208
27800,209
27801,202
27802,202
27803,203
27804,203
27805,203
27806,197
27807,197
27808,198
27809,198
27810,198
27811,201
27812,201
27813,201
27814,201
27815,201
27816,198
27817,198
27818,198
27819,198
27820,198
27821,199
27822,199
27823,199
27824,199
27825,199
27826,201
27827,205
27828,206
27829,205
27830,205
27831,212
27832,212
27833,211
27834,211
27835,211
27836,219
27837,219
27838,219
27839,219
27840,218
27841,214
27842,214
27843,214
27844,213
27845,213
27846,211
27847,211
27848,211
27849,211
27850,211
27851,206
27852,206
27853,206
27854,206
27855,206
27856,212
27857,212
27858,212
27859,213
27860,213
27861,222
27862,222
27863,221
27864,220
27865,220
27866,219
27867,219
27868,219
27869,219
27870,218
27871,211
27872,211
27873,210
27874,210
27875,210
27876,204
27877,203
27878,203
27879,203
27880,203
27881,207
27882,207
27883,207
27884,207
27885,207
27886,225
27887,226
27888,225
27889,224
27890,224
27891,222
27892,225
27893,225
27894,225
27895,225
27896,222
27897,222
27898,222
27899,222
27900,222
27901,228
27902,226
27903,225
27904,226
27905,226
27906,219
27907,219
27908,219
27909,219
27910,218
27911,218
27912,219
27913,219
27914,219
27915,218
27916,215
27917,218
27918,218
27919,218
27920,217
27921,237
27922,239
27923,238
27924,238
27925,232
27926,227
27927,221
27928,218
27929,217
27930,217
27931,200
27932,200
27933,199
27934,199
27935,199
27936,199
27937,199
27938,200
27939,201
27940,201
27941,209
27942,209
27943,210
27944,210
27945,210
27946,194
27947,196
27948,196
27949,195
27950,191
27951,189
27952,198
27953,198
27954,199
27955,199
27956,196
27957,199
27958,200
27959,199
27960,199
27961,189
27962,191
27963,192
27964,192
27965,192
27966,202
27967,202
27968,202
27969,201
27970,201
27971,207
27972,207
27973,207
27974,207
27975,207
27976,201
27977,201
27978,201
27979,201
27980,201
27981,195
27982,195
27983,195
27984,195
27985,195
27986,200
27987,201
27988,201
27989,201
27990,201
27991,202
27992,202
27993,202
27994,202
27995,202
27996,211
27997,211
27998,211
27999,211
28000,211
28001,211
28002,210
28003,210
28004,210
28005,210
28006,219
28007,222
28008,220
28009,220
28010,220
28011,226
28012,225
28013,225
28014,225
28015,223
28016,212
28017,212
28018,211
28019,210
28020,210
28021,210
28022,210
28023,211
28024,210
28025,210
28026,203
28027,204
28028,204
28029,204
28030,204
28031,212
28032,213
28033,213
28034,213
28035,212
28036,215
28037,215
28038,215
28039,214
28040,213
28041,220
28042,220
28043,220
28044,219
28045,219
28046,221
28047,221
28048,221
28049,221
28050,220
28051,218
28052,218
28053,218
28054,218
28055,217
28056,221
28057,221
28058,222
28059,222
28060,222
28061,221
28062,223
28063,222
28064,222
28065,221
28066,223
28067,222
28068,221
28069,221
28070,220
28071,213
28072,213
28073,214
28074,213
28075,212
28076,213
28077,213
28078,212
28079,210
28080,208
28081,221
28082,221
28083,222
28084,221
28085,221
28086,212
28087,210
28088,209
28089,209
28090,208
28091,211
28092,212
28093,212
28094,212
28095,212
28096,211
28097,213
28098,213
28099,213
28100,213
28101,214
28102,214
28103,212
28104,212
28105,212
28106,222
28107,222
28108,221
28109,222
28110,222
28111,212
28112,213
28113,212
28114,212
28115,211
28116,204
28117,203
28118,204
28119,204
28120,204
28121,209
28122,209
28123,209
28124,209
28125,209
28126,211
28127,212
28128,212
28129,210
28130,209
28131,200
28132,199
28133,197
28134,194
28135,193
28136,202
28137,202
28138,203
28139,200
28140,199
28141,191
28142,192
28143,193
28144,193
28145,193
28146,207
28147,207
28148,208
28149,208
28150,208
28151,215
28152,215
28153,215
28154,214
28155,213
28156,201
28157,200
28158,198
28159,196
28160,196
28161,187
28162,187
28163,187
28164,187
28165,187
28166,199
28167,199
28168,199
28169,199
28170,207
28171,207
28172,207
28173,207
28174,207
28175,217
28176,217
28177,217
28178,217
28179,216
28180,203
28181,203
28182,203
28183,203
28184,203
28185,201
28186,203
28187,202
28188,202
28189,200
28190,225
28191,225
28192,224
28193,224
28194,223
28195,209
28196,209
28197,208
28198,208
28199,208
28200,214
28201,215
28202,215
28203,215
28204,214
28205,219
28206,220
28207,220
28208,220
28209,219
28210,212
28211,212
28212,212
28213,212
28214,211
28215,215
28216,216
28217,216
28218,216
28219,215
28220,220
28221,221
28222,224
28223,226
28224,223
28225,248
28226,248
28227,245
28228,231
28229,229
28230,253
28231,266
28232,275
28233,281
28234,280
28235,322
28236,348
28237,358
28238,351
28239,342
28240,387
28241,404
28242,407
28243,400
28244,385
28245,442
28246,450
28247,450
28248,443
28249,432
28250,431
28251,435
28252,435
28253,426
28254,404
28255,417
28256,428
28257,423
28258,416
28259,397
28260,416
28261,423
28262,424
28263,414
28264,397
28265,399
28266,404
28267,404
28268,394
28269,376
28270,448
28271,458
28272,451
28273,436
28274,418
28275,421
28276,423
28277,420
28278,400
28279,382
28280,442
28281,451
28282,451
28283,447
28284,435
28285,463
28286,470
28287,466
28288,453
28289,437
28290,464
28291,471
28292,466
28293,455
28294,438
28295,439
28296,428
28297,424
28298,414
28299,399
28300,410
28301,416
28302,412
28303,402
28304,384
28305,437
28306,443
28307,443
28308,435
28309,421
28310,412
28311,415
28312,410
28313,394
28314,360
28315,409
28316,415
28317,414
28318,406
28319,393
28320,420
28321,426
28322,422
28323,413
28324,401
28325,398
28326,405
28327,405
28328,401
28329,389
28330,422
28331,430
28332,425
28333,418
28334,400
28335,419
28336,423
28337,418
28338,409
28339,398
28340,429
28341,436
28342,434
28343,425
28344,410
28345,424
28346,430
28347,428
28348,416
28349,397
28350,413
28351,414
28352,410
28353,401
28354,389
28355,390
28356,395
28357,406
28358,403
28359,393
28360,411
28361,420
28362,416
28363,400
28364,389
28365,418
28366,422
28367,420
28368,404
28369,384
28370,383
28371,395
28372,392
28373,391
28374,380
28375,416
28376,420
28377,411
28378,400
28379,385
28380,376
28381,382
28382,388
28383,386
28384,377
28385,398
28386,399
28387,395
28388,384
28389,369
28390,382
28391,384
28392,382
28393,378
28394,374
28395,425
28396,434
28397,438
28398,435
28399,429
28400,433
28401,433
28402,433
28403,428
28404,419
28405,412
28406,415
28407,412
28408,402
28409,388
28410,426
28411,432
28412,431
28413,424
28414,411
28415,441
28416,445
28417,442
28418,426
28419,407
28420,424
28421,427
28422,424
28423,414
28424,397
28425,451
28426,453
28427,451
28428,442
28429,423
28430,425
28431,429
28432,426
28433,420
28434,413
28435,416
28436,416
28437,414
28438,406
28439,392
28440,412
28441,414
28442,415
28443,411
28444,399
28445,406
28446,407
28447,402
28448,393
28449,366
28450,348
28451,353
28452,357
28453,351
28454,344
28455,379
28456,380
28457,351
28458,348
28459,342
28460,356
28461,352
28462,348
28463,341
28464,318
28465,297
28466,309
28467,310
28468,307
28469,303
28470,340
28471,344
28472,346
28473,344
28474,322
28475,360
28476,363
28477,365
28478,363
28479,359
28480,388
28481,396
28482,400
28483,400
28484,395
28485,417
28486,426
28487,430
28488,424
28489,410
28490,435
28491,440
28492,442
28493,436
28494,428
28495,455
28496,465
28497,466
28498,459
28499,450
28500,430
28501,435
28502,434
28503,428
28504,418
28505,439
28506,447
28507,449
28508,442
28509,431
28510,450
28511,450
28512,446
28513,435
28514,380
28515,445
28516,462
28517,464
28518,460
28519,452
28520,517
28521,525
28522,524
28523,515
28524,496
28525,541
28526,543
28527,540
28528,528
28529,514
28530,522
28531,527
28532,525
28533,512
28534,495
28535,503
28536,503
28537,495
28538,478
28539,453
28540,468
28541,472
28542,471
28543,464
28544,451
28545,494
28546,449
28547,463
28548,459
28549,447
28550,515
28551,517
28552,516
28553,507
28554,487
28555,498
28556,499
28557,491
28558,480
28559,449
28560,492
28561,497
28562,494
28563,481
28564,463
28565,516
28566,522
28567,523
28568,515
28569,504
28570,537
28571,542
28572,536
28573,527
28574,512
28575,517
28576,518
28577,510
28578,499
28579,479
28580,456
28581,459
28582,455
28583,448
28584,435
28585,445
28586,451
28587,451
28588,442
28589,431
28590,451
28591,462
28592,462
28593,455
28594,443
28595,457
28596,469
28597,472
28598,461
28599,443
28600,479
28601,483
28602,477
28603,458
28604,437
28605,484
28606,489
28607,481
28608,464
28609,446
28610,470
28611,474
28612,472
28613,463
28614,447
28615,470
28616,476
28617,479
28618,471
28619,456
28620,445
28621,456
28622,456
28623,452
28624,434
28625,417
28626,418
28627,412
28628,376
28629,360
28630,419
28631,432
28632,435
28633,428
28634,416
28635,485
28636,493
28637,492
28638,487
28639,476
28640,531
28641,534
28642,531
28643,526
28644,514
28645,543
28646,548
28647,547
28648,539
28649,528
28650,507
28651,510
28652,513
28653,510
28654,502
28655,504
28656,509
28657,510
28658,507
28659,498
28660,544
28661,547
28662,546
28663,538
28664,524
28665,535
28666,539
28667,531
28668,520
28669,461
28670,501
28671,508
28672,508
28673,499
28674,485
28675,521
28676,529
28677,528
28678,522
28679,510
28680,514
28681,517
28682,513
28683,506
28684,492
28685,508
28686,514
28687,513
28688,507
28689,491
28690,518
28691,529
28692,527
28693,514
28694,500
28695,539
28696,542
28697,541
28698,533
28699,516
28700,538
28701,540
28702,532
28703,518
28704,488
28705,566
28706,572
28707,569
28708,560
28709,549
28710,579
28711,582
28712,581
28713,571
28714,558
28715,531
28716,536
28717,534
28718,528
28719,512
28720,494
28721,498
28722,499
28723,497
28724,486
28725,498
28726,506
28727,511
28728,506
28729,495
28730,520
28731,528
28732,531
28733,525
28734,505
28735,516
28736,522
28737,519
28738,509
28739,496
28740,481
28741,488
28742,493
28743,491
28744,477
28745,480
28746,484
28747,483
28748,478
28749,470
28750,426
28751,427
28752,433
28753,432
28754,422
28755,427
28756,432
28757,428
28758,423
28759,415
28760,434
28761,441
28762,449
28763,447
28764,438
28765,464
28766,470
28767,469
28768,465
28769,457
28770,445
28771,457
28772,458
28773,452
28774,438
28775,413
28776,420
28777,421
28778,417
28779,405
28780,413
28781,421
28782,425
28783,421
28784,415
28785,477
28786,484
28787,484
28788,477
28789,464
28790,479
28791,485
28792,479
28793,472
28794,460
28795,437
28796,433
28797,426
28798,415
28799,400
28800,323
28801,296
28802,289
28803,288
28804,282
28805,286
28806,288
28807,292
28808,290
28809,278
28810,276
28811,267
28812,266
28813,250
28814,234
28815,213
28816,209
28817,204
28818,196
28819,191
28820,206
28821,215
28822,225
28823,227
28824,226
28825,260
28826,259
28827,255
28828,248
28829,231
28830,224
28831,224
28832,223
28833,221
28834,218
28835,289
28836,291
28837,286
28838,278
28839,262
28840,232
28841,231
28842,243
28843,244
28844,242
28845,303
28846,310
28847,310
28848,300
28849,280
28850,293
28851,304
28852,305
28853,304
28854,297
28855,333
28856,337
28857,338
28858,331
28859,322
28860,328
28861,328
28862,327
28863,320
28864,314
28865,346
28866,358
28867,361
28868,362
28869,358
28870,342
28871,347
28872,344
28873,340
28874,335
28875,340
28876,348
28877,348
28878,341
28879,325
28880,309
28881,313
28882,311
28883,305
28884,295
28885,284
28886,289
28887,288
28888,285
28889,282
28890,283
28891,284
28892,284
28893,281
28894,275
28895,262
28896,262
28897,261
28898,261
28899,260
28900,272
28901,272
28902,273
28903,272
28904,271
28905,292
28906,293
28907,293
28908,292
28909,288
28910,316
28911,317
28912,318
28913,315
28914,309
28915,309
28916,314
28917,316
28918,314
28919,311
28920,311
28921,312
28922,311
28923,311
28924,307
28925,324
28926,324
28927,324
28928,320
28929,313
28930,336
28931,343
28932,344
28933,342
28934,338
28935,317
28936,317
28937,317
28938,313
28939,310
28940,331
28941,339
28942,337
28943,334
28944,331
28945,332
28946,331
28947,334
28948,334
28949,331
28950,346
28951,348
28952,347
28953,345
28954,343
28955,309
28956,316
28957,318
28958,316
28959,311
28960,344
28961,345
28962,344
28963,342
28964,339
28965,353
28966,353
28967,351
28968,336
28969,334
28970,327
28971,330
28972,330
28973,327
28974,323
28975,324
28976,327
28977,325
28978,325
28979,322
28980,311
28981,317
28982,316
28983,315
28984,311
28985,323
28986,322
28987,319
28988,310
28989,301
28990,278
28991,246
28992,231
28993,230
28994,230
28995,246
28996,250
28997,251
28998,253
28999,253
29000,250
29001,248
29002,246
29003,243
29004,242
29005,253
29006,251
29007,249
29008,246
29009,241
29010,240
29011,236
29012,236
29013,237
29014,237
29015,238
29016,240
29017,240
29018,239
29019,237
29020,243
29021,243
29022,242
29023,241
29024,240
29025,257
29026,257
29027,257
29028,256
29029,256
29030,236
29031,236
29032,236
29033,236
29034,236
29035,251
29036,251
29037,251
29038,251
29039,251
29040,257
29041,259
29042,259
29043,258
29044,258
29045,251
29046,250
29047,251
29048,250
29049,249
29050,229
29051,229
29052,229
29053,229
29054,228
29055,236
29056,236
29057,235
29058,235
29059,235
29060,245
29061,245
29062,245
29063,245
29064,245
29065,249
29066,249
29067,249
29068,249
29069,249
29070,236
29071,236
29072,236
29073,236
29074,235
29075,233
29076,233
29077,232
29078,232
29079,232
29080,235
29081,235
29082,234
29083,234
29084,234
29085,212
29086,212
29087,213
29088,213
29089,212
29090,236
29091,236
29092,236
29093,236
29094,236
29095,245
29096,245
29097,245
29098,245
29099,245
29100,243
29101,243
29102,244
29103,244
29104,244
29105,248
29106,248
29107,248
29108,248
29109,248
29110,239
29111,239
29112,239
29113,239
29114,239
29115,241
29116,241
29117,241
29118,241
29119,241
29120,242
29121,242
29122,242
29123,242
29124,242
29125,245
29126,245
29127,245
29128,245
29129,245
29130,242
29131,242
29132,242
29133,242
29134,242
29135,243
29136,243
29137,243
29138,243
29139,243
29140,237
29141,237
29142,237
29143,237
29144,237
29145,232
29146,232
29147,232
29148,232
29149,232
29150,236
29151,236
29152,236
29153,236
29154,237
29155,231
29156,231
29157,231
29158,231
29159,231
29160,236
29161,235
29162,234
29163,234
29164,233
29165,228
29166,227
29167,227
29168,227
29169,226
29170,230
29171,230
29172,230
29173,230
29174,230
29175,227
29176,227
29177,227
29178,227
29179,227
29180,227
29181,227
29182,227
29183,227
29184,226
29185,244
29186,244
29187,244
29188,244
29189,244
29190,231
29191,231
29192,231
29193,231
29194,231
29195,243
29196,243
29197,243
29198,243
29199,243
29200,247
29201,248
29202,248
29203,247
29204,247
29205,229
29206,229
29207,229
29208,229
29209,228
29210,236
29211,236
29212,235
29213,235
29214,235
29215,228
29216,229
29217,229
29218,231
29219,231
29220,243
29221,242
29222,243
29223,242
29224,242
29225,227
29226,227
29227,227
29228,227
29229,227
29230,225
29231,225
29232,225
29233,225
29234,225
29235,234
29236,235
29237,234
29238,234
29239,234
29240,239
29241,239
29242,239
29243,239
29244,238
29245,233
29246,233
29247,232
29248,232
29249,232
29250,216
29251,216
29252,216
29253,216
29254,216
29255,218
29256,218
29257,218
29258,218
29259,218
29260,215
29261,215
29262,215
29263,215
29264,215
29265,225
29266,224
29267,224
29268,224
29269,223
29270,221
29271,222
29272,219
29273,219
29274,219
29275,222
29276,222
29277,221
29278,221
29279,221
29280,216
29281,216
29282,215
29283,215
29284,215
29285,220
29286,220
29287,220
29288,220
29289,220
29290,227
29291,230
29292,230
29293,230
29294,230
29295,237
29296,238
29297,238
29298,238
29299,238
29300,235
29301,235
29302,234
29303,234
29304,234
29305,226
29306,226
29307,226
29308,226
29309,226
29310,227
29311,227
29312,227
29313,227
29314,227
29315,221
29316,221
29317,221
29318,221
29319,221
29320,218
29321,218
29322,218
29323,218
29324,218
29325,228
29326,228
29327,228
29328,228
29329,228
29330,225
29331,225
29332,225
29333,225
29334,225
29335,221
29336,221
29337,221
29338,219
29339,219
29340,209
29341,209
29342,209
29343,209
29344,209
29345,207
29346,207
29347,208
29348,207
29349,207
29350,205
29351,205
29352,206
29353,206
29354,206
29355,212
29356,214
29357,214
29358,214
29359,215
29360,212
29361,212
29362,212
29363,212
29364,212
29365,210
29366,210
29367,210
29368,211
29369,211
29370,201
29371,201
29372,200
29373,200
29374,201
29375,177
29376,177
29377,177
29378,177
29379,177
29380,186
29381,186
29382,185
29383,188
29384,188
29385,199
29386,193
29387,214
29388,204
29389,209
29390,235
29391,199
29392,199
29393,200
29394,200
29395,203
29396,204
29397,204
29398,203
29399,203
29400,203
29401,201
29402,201
29403,201
29404,201
29405,197
29406,196
29407,196
29408,196
29409,196
29410,194
29411,194
29412,194
29413,194
29414,194
29415,199
29416,199
29417,198
29418,199
29419,199
29420,193
29421,193
29422,193
29423,193
29424,193
29425,189
29426,192
29427,194
29428,194
29429,193
29430,208
29431,208
29432,208
29433,208
29434,208
29435,219
29436,219
29437,219
29438,219
29439,219
29440,215
29441,215
29442,215
29443,215
29444,215
29445,192
29446,192
29447,192
29448,192
29449,192
29450,192
29451,192
29452,192
29453,192
29454,192
29455,195
29456,195
29457,194
29458,194
29459,194
29460,192
29461,192
29462,192
29463,192
29464,192
29465,194
29466,194
29467,195
29468,195
29469,194
29470,179
29471,179
29472,179
29473,179
29474,179
29475,185
29476,185
29477,184
29478,184
29479,184
29480,182
29481,182
29482,182
29483,181
29484,181
29485,187
29486,187
29487,187
29488,187
29489,187
29490,193
29491,193
29492,193
29493,193
29494,193
29495,188
29496,188
29497,188
29498,188
29499,188
29500,185
29501,185
29502,185
29503,185
29504,185
29505,184
29506,184
29507,184
29508,183
29509,181
29510,181
29511,181
29512,181
29513,181
29514,199
29515,199
29516,199
29517,199
29518,199
29519,193
29520,192
29521,192
29522,192
29523,192
29524,192
29525,191
29526,194
29527,194
29528,194
29529,206
29530,206
29531,206
29532,206
29533,206
29534,190
29535,190
29536,190
29537,190
29538,190
29539,204
29540,204
29541,203
29542,204
29543,204
29544,199
29545,199
29546,199
29547,199
29548,199
29549,201
29550,201
29551,201
29552,201
29553,201
29554,203
29555,203
29556,203
29557,203
29558,203
29559,200
29560,200
29561,200
29562,200
29563,200
29564,201
29565,201
29566,201
29567,201
29568,201
29569,202
29570,202
29571,202
29572,202
29573,202
29574,202
29575,202
29576,201
29577,201
29578,200
29579,199
29580,198
29581,198
29582,198
29583,197
29584,200
29585,200
29586,199
29587,200
29588,200
29589,199
29590,199
29591,199
29592,199
29593,199
29594,195
29595,195
29596,195
29597,196
29598,196
29599,203
29600,205
29601,205
29602,205
29603,208
29604,214
29605,214
29606,207
29607,207
29608,207
29609,198
29610,198
29611,198
29612,198
29613,198
29614,199
29615,199
29616,199
29617,199
29618,199
29619,213
29620,213
29621,213
29622,213
29623,213
29624,211
29625,210
29626,210
29627,211
29628,211
29629,207
29630,209
29631,212
29632,213
29633,213
29634,208
29635,208
29636,207
29637,206
29638,206
29639,214
29640,213
29641,213
29642,212
29643,212
29644,208
29645,208
29646,207
29647,207
29648,206
29649,214
29650,214
29651,214
29652,214
29653,214
29654,204
29655,204
29656,204
29657,204
29658,203
29659,200
29660,201
29661,201
29662,201
29663,201
29664,194
29665,194
29666,193
29667,192
29668,191
29669,210
29670,209
29671,207
29672,206
29673,206
29674,197
29675,197
29676,197
29677,197
29678,197
29679,199
29680,199
29681,199
29682,199
29683,201
29684,201
29685,201
29686,201
29687,201
29688,209
29689,209
29690,209
29691,208
29692,208
29693,202
29694,203
29695,203
29696,202
29697,202
29698,201
29699,201
29700,201
29701,201
29702,201
29703,203
29704,207
29705,210
29706,212
29707,213
29708,258
29709,269
29710,271
29711,271
29712,268
29713,318
29714,323
29715,320
29716,315
29717,301
29718,300
29719,303
29720,303
29721,299
29722,290
29723,310
29724,317
29725,315
29726,309
29727,304
29728,338
29729,351
29730,355
29731,350
29732,340
29733,363
29734,362
29735,358
29736,350
29737,325
29738,340
29739,342
29740,345
29741,336
29742,317
29743,321
29744,326
29745,313
29746,303
29747,295
29748,349
29749,352
29750,346
29751,339
29752,329
29753,309
29754,317
29755,313
29756,305
29757,295
29758,317
29759,321
29760,317
29761,304
29762,289
29763,316
29764,300
29765,297
29766,292
29767,285
29768,331
29769,330
29770,327
29771,321
29772,313
29773,335
29774,340
29775,339
29776,330
29777,318
29778,373
29779,374
29780,370
29781,363
29782,344
29783,366
29784,372
29785,372
29786,358
29787,347
29788,390
29789,392
29790,388
29791,377
29792,361
29793,380
29794,381
29795,380
29796,374
29797,358
29798,418
29799,422
29800,420
29801,413
29802,404
29803,461
29804,470
29805,466
29806,459
29807,442
29808,468
29809,478
29810,471
29811,462
29812,448
29813,457
29814,458
29815,449
29816,435
29817,419
29818,421
29819,424
29820,421
29821,407
29822,384
29823,431
29824,428
29825,418
29826,396
29827,371
29828,489
29829,496
29830,495
29831,485
29832,456
29833,507
29834,508
29835,501
29836,482
29837,464
29838,524
29839,535
29840,526
29841,511
29842,485
29843,526
29844,524
29845,515
29846,497
29847,467
29848,468
29849,467
29850,451
29851,431
29852,402
29853,470
29854,472
29855,475
29856,459
29857,425
29858,456
29859,457
29860,448
29861,427
29862,405
29863,441
29864,441
29865,433
29866,419
29867,398
29868,493
29869,497
29870,495
29871,481
29872,458
29873,549
29874,558
29875,559
29876,552
29877,538
29878,559
29879,565
29880,566
29881,555
29882,537
29883,576
29884,584
29885,584
29886,575
29887,557
29888,558
29889,557
29890,546
29891,522
29892,492
29893,560
29894,571
29895,563
29896,551
29897,535
29898,551
29899,555
29900,553
29901,540
29902,517
29903,539
29904,545
29905,546
29906,531
29907,514
29908,578
29909,588
29910,585
29911,570
29912,547
29913,575
29914,579
29915,573
29916,560
29917,541
29918,588
29919,598
29920,584
29921,562
29922,539
29923,574
29924,579
29925,576
29926,562
29927,543
29928,589
29929,592
29930,582
29931,561
29932,531
29933,628
29934,627
29935,616
29936,593
29937,574
29938,649
29939,649
29940,642
29941,625
29942,605
29943,644
29944,646
29945,632
29946,606
29947,532
29948,603
29949,610
29950,591
29951,565
29952,537
29953,632
29954,629
29955,612
29956,585
29957,552
29958,584
29959,590
29960,583
29961,561
29962,528
29963,616
29964,620
29965,607
29966,579
29967,549
29968,630
29969,634
29970,629
29971,613
29972,587
29973,640
29974,640
29975,631
29976,617
29977,590
29978,664
29979,668
29980,654
29981,634
29982,615
29983,702
29984,703
29985,690
29986,667
29987,634
29988,702
29989,705
29990,696
29991,675
29992,654
29993,712
29994,715
29995,697
29996,671
29997,643
29998,695
29999,697
30000,684
30001,668
30002,644
30003,619
30004,620
30005,580
30006,563
30007,538
30008,591
30009,593
30010,589
30011,576
30012,559
30013,542
30014,538
30015,529
30016,502
30017,482
30018,487
30019,503
30020,508
30021,495
30022,484
30023,506
30024,501
30025,483
30026,415
30027,397
30028,458
30029,467
30030,467
